id,return_pct
0,3.5
1,3.5
2,3.5
3,3.5
4,3.5
5,3.5
6,3.5
7,3.5
8,3.5
9,3.5
10,3.5
11,3.5
12,3.5
13,3.5
14,3.5
15,3.5
16,3.5
17,3.5
18,3.5
19,3.5
20,3.5
21,3.5
22,3.5
23,3.5
24,3.5
25,3.5
26,3.5
27,3.5
28,3.5
29,3.5
30,3.5
31,3.5
32,3.5
33,3.5
34,3.5
35,3.5
36,3.5
37,3.5
38,3.5
39,3.5
40,3.5
41,3.5
42,3.5
43,3.5
44,3.5
45,3.5
46,3.5
47,3.5
48,3.5
49,3.5
50,3.5
51,3.5
52,3.5
53,3.5
54,3.5
55,3.5
56,3.5
57,3.5
58,3.5
59,3.5
60,3.5
61,3.5
62,3.5
63,3.5
64,3.5
65,3.5
66,3.5
67,3.5
68,3.5
69,3.5
70,3.5
71,3.5
72,3.5
73,3.5
74,3.5
75,3.5
76,3.5
77,3.5
78,3.5
79,3.5
80,3.5
81,3.5
82,3.5
83,3.5
84,3.5
85,3.5
86,3.5
87,3.5
88,3.5
89,3.5
90,3.5
91,3.5
92,3.5
93,3.5
94,3.5
95,3.5
96,3.5
97,3.5
98,3.5
99,3.5
100,3.5
101,3.5
102,3.5
103,3.5
104,3.5
105,3.5
106,3.5
107,3.5
108,3.5
109,3.5
110,3.5
111,3.5
112,3.5
113,3.5
114,3.5
115,3.5
116,3.5
117,3.5
118,3.5
119,3.5
120,3.5
121,3.5
122,3.5
123,3.5
124,3.5
125,3.5
126,3.5
127,3.5
128,3.5
129,3.5
130,3.5
131,3.5
132,3.5
133,3.5
134,3.5
135,3.5
136,3.5
137,3.5
138,3.5
139,3.5
140,3.5
141,3.5
142,3.5
143,3.5
144,3.5
145,3.5
146,3.5
147,3.5
148,3.5
149,3.5
150,3.5
151,3.5
152,3.5
153,3.5
154,3.5
155,3.5
156,3.5
157,3.5
158,3.5
159,3.5
160,3.5
161,3.5
162,3.5
163,3.5
164,3.5
165,3.5
166,3.5
167,3.5
168,3.5
169,3.5
170,3.5
171,3.5
172,3.5
173,3.5
174,3.5
175,3.5
176,3.5
177,3.5
178,3.5
179,3.5
180,3.5
181,3.5
182,3.5
183,3.5
184,3.5
185,3.5
186,3.5
187,3.5
188,3.5
189,3.5
190,3.5
191,3.5
192,3.5
193,3.5
194,3.5
195,3.5
196,3.5
197,3.5
198,3.5
199,3.5
200,3.5
201,3.5
202,3.5
203,3.5
204,3.5
205,3.5
206,3.5
207,3.5
208,3.5
209,3.5
210,3.5
211,3.5
212,3.5
213,3.5
214,3.5
215,3.5
216,3.5
217,3.5
218,3.5
219,3.5
220,3.5
221,3.5
222,3.5
223,3.5
224,3.5
225,3.5
226,3.5
227,3.5
228,3.5
229,3.5
230,3.5
231,3.5
232,3.5
233,3.5
234,3.5
235,3.5
236,3.5
237,3.5
238,3.5
239,3.5
240,3.5
241,3.5
242,3.5
243,3.5
244,3.5
245,3.5
246,3.5
247,3.5
248,3.5
249,3.5
250,3.5
251,3.5
252,3.5
253,3.5
254,3.5
255,3.5
256,3.5
257,3.5
258,3.5
259,3.5
260,3.5
261,3.5
262,3.5
263,3.5
264,3.5
265,3.5
266,3.5
267,3.5
268,3.5
269,3.5
270,3.5
271,3.5
272,3.5
273,3.5
274,3.5
275,3.5
276,3.5
277,3.5
278,3.5
279,3.5
280,3.5
281,3.5
282,3.5
283,3.5
284,3.5
285,3.5
286,3.5
287,3.5
288,3.5
289,3.5
290,3.5
291,3.5
292,3.5
293,3.5
294,3.5
295,3.5
296,3.5
297,3.5
298,3.5
299,3.5
300,3.5
301,3.5
302,3.5
303,3.5
304,3.5
305,3.5
306,3.5
307,3.5
308,3.5
309,3.5
310,3.5
311,3.5
312,3.5
313,3.5
314,3.5
315,3.5
316,3.5
317,3.5
318,3.5
319,3.5
320,3.5
321,3.5
322,3.5
323,3.5
324,3.5
325,3.5
326,3.5
327,3.5
328,3.5
329,3.5
330,3.5
331,3.5
332,3.5
333,3.5
334,3.5
335,3.5
336,3.5
337,3.5
338,3.5
339,3.5
340,3.5
341,3.5
342,3.5
343,3.5
344,3.5
345,3.5
346,3.5
347,3.5
348,3.5
349,3.5
350,3.5
351,3.5
352,3.5
353,3.5
354,3.5
355,3.5
356,3.5
357,3.5
358,3.5
359,3.5
360,3.5
361,3.5
362,3.5
363,3.5
364,3.5
365,3.5
366,3.5
367,3.5
368,3.5
369,3.5
370,3.5
371,3.5
372,3.5
373,3.5
374,3.5
375,3.5
376,3.5
377,3.5
378,3.5
379,3.5
380,3.5
381,3.5
382,3.5
383,3.5
384,3.5
385,3.5
386,3.5
387,3.5
388,3.5
389,3.5
390,3.5
391,3.5
392,3.5
393,3.5
394,3.5
395,3.5
396,3.5
397,3.5
398,3.5
399,3.5
400,3.5
401,3.5
402,3.5
403,3.5
404,3.5
405,3.5
406,3.5
407,3.5
408,3.5
409,3.5
410,3.5
411,3.5
412,3.5
413,3.5
414,3.5
415,3.5
416,3.5
417,3.5
418,3.5
419,3.5
420,3.5
421,3.5
422,3.5
423,3.5
424,3.5
425,3.5
426,3.5
427,3.5
428,3.5
429,3.5
430,3.5
431,3.5
432,3.5
433,3.5
434,3.5
435,3.5
436,3.5
437,3.5
438,3.5
439,3.5
440,3.5
441,3.5
442,3.5
443,3.5
444,3.5
445,3.5
446,3.5
447,3.5
448,3.5
449,3.5
450,3.5
451,3.5
452,3.5
453,3.5
454,3.5
455,3.5
456,3.5
457,3.5
458,3.5
459,3.5
460,3.5
461,3.5
462,3.5
463,3.5
464,3.5
465,3.5
466,3.5
467,3.5
468,3.5
469,3.5
470,3.5
471,3.5
472,3.5
473,3.5
474,3.5
475,3.5
476,3.5
477,3.5
478,3.5
479,3.5
480,3.5
481,3.5
482,3.5
483,3.5
484,3.5
485,3.5
486,3.5
487,3.5
488,3.5
489,3.5
490,3.5
491,3.5
492,3.5
493,3.5
494,3.5
495,3.5
496,3.5
497,3.5
498,3.5
499,3.5
500,3.5
501,3.5
502,3.5
503,3.5
504,3.5
505,3.5
506,3.5
507,3.5
508,3.5
509,3.5
510,3.5
511,3.5
512,3.5
513,3.5
514,3.5
515,3.5
516,3.5
517,3.5
518,3.5
519,3.5
520,3.5
521,3.5
522,3.5
523,3.5
524,3.5
525,3.5
526,3.5
527,3.5
528,3.5
529,3.5
530,3.5
531,3.5
532,3.5
533,3.5
534,3.5
535,3.5
536,3.5
537,3.5
538,3.5
539,3.5
540,3.5
541,3.5
542,3.5
543,3.5
544,3.5
545,3.5
546,3.5
547,3.5
548,3.5
549,3.5
550,3.5
551,3.5
552,3.5
553,3.5
554,3.5
555,3.5
556,3.5
557,3.5
558,3.5
559,3.5
560,3.5
561,3.5
562,3.5
563,3.5
564,3.5
565,3.5
566,3.5
567,3.5
568,3.5
569,3.5
570,3.5
571,3.5
572,3.5
573,3.5
574,3.5
575,3.5
576,3.5
577,3.5
578,3.5
579,3.5
580,3.5
581,3.5
582,3.5
583,3.5
584,3.5
585,3.5
586,3.5
587,3.5
588,3.5
589,3.5
590,3.5
591,3.5
592,3.5
593,3.5
594,3.5
595,3.5
596,3.5
597,3.5
598,3.5
599,3.5
600,3.5
601,3.5
602,3.5
603,3.5
604,3.5
605,3.5
606,3.5
607,3.5
608,3.5
609,3.5
610,3.5
611,3.5
612,3.5
613,3.5
614,3.5
615,3.5
616,3.5
617,3.5
618,3.5
619,3.5
620,3.5
621,3.5
622,3.5
623,3.5
624,3.5
625,3.5
626,3.5
627,3.5
628,3.5
629,3.5
630,3.5
631,3.5
632,3.5
633,3.5
634,3.5
635,3.5
636,3.5
637,3.5
638,3.5
639,3.5
640,3.5
641,3.5
642,3.5
643,3.5
644,3.5
645,3.5
646,3.5
647,3.5
648,3.5
649,3.5
650,3.5
651,3.5
652,3.5
653,3.5
654,3.5
655,3.5
656,3.5
657,3.5
658,3.5
659,3.5
660,3.5
661,3.5
662,3.5
663,3.5
664,3.5
665,3.5
666,3.5
667,3.5
668,3.5
669,3.5
670,3.5
671,3.5
672,3.5
673,3.5
674,3.5
675,3.5
676,3.5
677,3.5
678,3.5
679,3.5
680,3.5
681,3.5
682,3.5
683,3.5
684,3.5
685,3.5
686,3.5
687,3.5
688,3.5
689,3.5
690,3.5
691,3.5
692,3.5
693,3.5
694,3.5
695,3.5
696,3.5
697,3.5
698,3.5
699,3.5
700,3.5
701,3.5
702,3.5
703,3.5
704,3.5
705,3.5
706,3.5
707,3.5
708,3.5
709,3.5
710,3.5
711,3.5
712,3.5
713,3.5
714,3.5
715,3.5
716,3.5
717,3.5
718,3.5
719,3.5
720,3.5
721,3.5
722,3.5
723,3.5
724,3.5
725,3.5
726,3.5
727,3.5
728,3.5
729,3.5
730,3.5
731,3.5
732,3.5
733,3.5
734,3.5
735,3.5
736,3.5
737,3.5
738,3.5
739,3.5
740,3.5
741,3.5
742,3.5
743,3.5
744,3.5
745,3.5
746,3.5
747,3.5
748,3.5
749,3.5
750,3.5
751,3.5
752,3.5
753,3.5
754,3.5
755,3.5
756,3.5
757,3.5
758,3.5
759,3.5
760,3.5
761,3.5
762,3.5
763,3.5
764,3.5
765,3.5
766,3.5
767,3.5
768,3.5
769,3.5
770,3.5
771,3.5
772,3.5
773,3.5
774,3.5
775,3.5
776,3.5
777,3.5
778,3.5
779,3.5
780,3.5
781,3.5
782,3.5
783,3.5
784,3.5
785,3.5
786,3.5
787,3.5
788,3.5
789,3.5
790,3.5
791,3.5
792,3.5
793,3.5
794,3.5
795,3.5
796,3.5
797,3.5
798,3.5
799,3.5
800,3.5
801,3.5
802,3.5
803,3.5
804,3.5
805,3.5
806,3.5
807,3.5
808,3.5
809,3.5
810,3.5
811,3.5
812,3.5
813,3.5
814,3.5
815,3.5
816,3.5
817,3.5
818,3.5
819,3.5
820,3.5
821,3.5
822,3.5
823,3.5
824,3.5
825,3.5
826,3.5
827,3.5
828,3.5
829,3.5
830,3.5
831,3.5
832,3.5
833,3.5
834,3.5
835,3.5
836,3.5
837,3.5
838,3.5
839,3.5
840,3.5
841,3.5
842,3.5
843,3.5
844,3.5
845,3.5
846,3.5
847,3.5
848,3.5
849,3.5
850,3.5
851,3.5
852,3.5
853,3.5
854,3.5
855,3.5
856,3.5
857,3.5
858,3.5
859,3.5
860,3.5
861,3.5
862,3.5
863,3.5
864,3.5
865,3.5
866,3.5
867,3.5
868,3.5
869,3.5
870,3.5
871,3.5
872,3.5
873,3.5
874,3.5
875,3.5
876,3.5
877,3.5
878,3.5
879,3.5
880,3.5
881,3.5
882,3.5
883,3.5
884,3.5
885,3.5
886,3.5
887,3.5
888,3.5
889,3.5
890,3.5
891,3.5
892,3.5
893,3.5
894,3.5
895,3.5
896,3.5
897,3.5
898,3.5
899,3.5
900,3.5
901,3.5
902,3.5
903,3.5
904,3.5
905,3.5
906,3.5
907,3.5
908,3.5
909,3.5
910,3.5
911,3.5
912,3.5
913,3.5
914,3.5
915,3.5
916,3.5
917,3.5
918,3.5
919,3.5
920,3.5
921,3.5
922,3.5
923,3.5
924,3.5
925,3.5
926,3.5
927,3.5
928,3.5
929,3.5
930,3.5
931,3.5
932,3.5
933,3.5
934,3.5
935,3.5
936,3.5
937,3.5
938,3.5
939,3.5
940,3.5
941,3.5
942,3.5
943,3.5
944,3.5
945,3.5
946,3.5
947,3.5
948,3.5
949,3.5
950,3.5
951,3.5
952,3.5
953,3.5
954,3.5
955,3.5
956,3.5
957,3.5
958,3.5
959,3.5
960,3.5
961,3.5
962,3.5
963,3.5
964,3.5
965,3.5
966,3.5
967,3.5
968,3.5
969,3.5
970,3.5
971,3.5
972,3.5
973,3.5
974,3.5
975,3.5
976,3.5
977,3.5
978,3.5
979,3.5
980,3.5
981,3.5
982,3.5
983,3.5
984,3.5
985,3.5
986,3.5
987,3.5
988,3.5
989,3.5
990,3.5
991,3.5
992,3.5
993,3.5
994,3.5
995,3.5
996,3.5
997,3.5
998,3.5
999,3.5
1000,3.5
1001,3.5
1002,3.5
1003,3.5
1004,3.5
1005,3.5
1006,3.5
1007,3.5
1008,3.5
1009,3.5
1010,3.5
1011,3.5
1012,3.5
1013,3.5
1014,3.5
1015,3.5
1016,3.5
1017,3.5
1018,3.5
1019,3.5
1020,3.5
1021,3.5
1022,3.5
1023,3.5
1024,3.5
1025,3.5
1026,3.5
1027,3.5
1028,3.5
1029,3.5
1030,3.5
1031,3.5
1032,3.5
1033,3.5
1034,3.5
1035,3.5
1036,3.5
1037,3.5
1038,3.5
1039,3.5
1040,3.5
1041,3.5
1042,3.5
1043,3.5
1044,3.5
1045,3.5
1046,3.5
1047,3.5
1048,3.5
1049,3.5
1050,3.5
1051,3.5
1052,3.5
1053,3.5
1054,3.5
1055,3.5
1056,3.5
1057,3.5
1058,3.5
1059,3.5
1060,3.5
1061,3.5
1062,3.5
1063,3.5
1064,3.5
1065,3.5
1066,3.5
1067,3.5
1068,3.5
1069,3.5
1070,3.5
1071,3.5
1072,3.5
1073,3.5
1074,3.5
1075,3.5
1076,3.5
1077,3.5
1078,3.5
1079,3.5
1080,3.5
1081,3.5
1082,3.5
1083,3.5
1084,3.5
1085,3.5
1086,3.5
1087,3.5
1088,3.5
1089,3.5
1090,3.5
1091,3.5
1092,3.5
1093,3.5
1094,3.5
1095,3.5
1096,3.5
1097,3.5
1098,3.5
1099,3.5
1100,3.5
1101,3.5
1102,3.5
1103,3.5
1104,3.5
1105,3.5
1106,3.5
1107,3.5
1108,3.5
1109,3.5
1110,3.5
1111,3.5
1112,3.5
1113,3.5
1114,3.5
1115,3.5
1116,3.5
1117,3.5
1118,3.5
1119,3.5
1120,3.5
1121,3.5
1122,3.5
1123,3.5
1124,3.5
1125,3.5
1126,3.5
1127,3.5
1128,3.5
1129,3.5
1130,3.5
1131,3.5
1132,3.5
1133,3.5
1134,3.5
1135,3.5
1136,3.5
1137,3.5
1138,3.5
1139,3.5
1140,3.5
1141,3.5
1142,3.5
1143,3.5
1144,3.5
1145,3.5
1146,3.5
1147,3.5
1148,3.5
1149,3.5
1150,3.5
1151,3.5
1152,3.5
1153,3.5
1154,3.5
1155,3.5
1156,3.5
1157,3.5
1158,3.5
1159,3.5
1160,3.5
1161,3.5
1162,3.5
1163,3.5
1164,3.5
1165,3.5
1166,3.5
1167,3.5
1168,3.5
1169,3.5
1170,3.5
1171,3.5
1172,3.5
1173,3.5
1174,3.5
1175,3.5
1176,3.5
1177,3.5
1178,3.5
1179,3.5
1180,3.5
1181,3.5
1182,3.5
1183,3.5
1184,3.5
1185,3.5
1186,3.5
1187,3.5
1188,3.5
1189,3.5
1190,3.5
1191,3.5
1192,3.5
1193,3.5
1194,3.5
1195,3.5
1196,3.5
1197,3.5
1198,3.5
1199,3.5
1200,3.5
1201,3.5
1202,3.5
1203,3.5
1204,3.5
1205,3.5
1206,3.5
1207,3.5
1208,3.5
1209,3.5
1210,3.5
1211,3.5
1212,3.5
1213,3.5
1214,3.5
1215,3.5
1216,3.5
1217,3.5
1218,3.5
1219,3.5
1220,3.5
1221,3.5
1222,3.5
1223,3.5
1224,3.5
1225,3.5
1226,3.5
1227,3.5
1228,3.5
1229,3.5
1230,3.5
1231,3.5
1232,3.5
1233,3.5
1234,3.5
1235,3.5
1236,3.5
1237,3.5
1238,3.5
1239,3.5
1240,3.5
1241,3.5
1242,3.5
1243,3.5
1244,3.5
1245,3.5
1246,3.5
1247,3.5
1248,3.5
1249,3.5
1250,3.5
1251,3.5
1252,3.5
1253,3.5
1254,3.5
1255,3.5
1256,3.5
1257,3.5
1258,3.5
1259,3.5
1260,3.5
1261,3.5
1262,3.5
1263,3.5
1264,3.5
1265,3.5
1266,3.5
1267,3.5
1268,3.5
1269,3.5
1270,3.5
1271,3.5
1272,3.5
1273,3.5
1274,3.5
1275,3.5
1276,3.5
1277,3.5
1278,3.5
1279,3.5
1280,3.5
1281,3.5
1282,3.5
1283,3.5
1284,3.5
1285,3.5
1286,3.5
1287,3.5
1288,3.5
1289,3.5
1290,3.5
1291,3.5
1292,3.5
1293,3.5
1294,3.5
1295,3.5
1296,3.5
1297,3.5
1298,3.5
1299,3.5
1300,3.5
1301,3.5
1302,3.5
1303,3.5
1304,3.5
1305,3.5
1306,3.5
1307,3.5
1308,3.5
1309,3.5
1310,3.5
1311,3.5
1312,3.5
1313,3.5
1314,3.5
1315,3.5
1316,3.5
1317,3.5
1318,3.5
1319,3.5
1320,3.5
1321,3.5
1322,3.5
1323,3.5
1324,3.5
1325,3.5
1326,3.5
1327,3.5
1328,3.5
1329,3.5
1330,3.5
1331,3.5
1332,3.5
1333,3.5
1334,3.5
1335,3.5
1336,3.5
1337,3.5
1338,3.5
1339,3.5
1340,3.5
1341,3.5
1342,3.5
1343,3.5
1344,3.5
1345,3.5
1346,3.5
1347,3.5
1348,3.5
1349,3.5
1350,3.5
1351,3.5
1352,3.5
1353,3.5
1354,3.5
1355,3.5
1356,3.5
1357,3.5
1358,3.5
1359,3.5
1360,3.5
1361,3.5
1362,3.5
1363,3.5
1364,3.5
1365,3.5
1366,3.5
1367,3.5
1368,3.5
1369,3.5
1370,3.5
1371,3.5
1372,3.5
1373,3.5
1374,3.5
1375,3.5
1376,3.5
1377,3.5
1378,3.5
1379,3.5
1380,3.5
1381,3.5
1382,3.5
1383,3.5
1384,3.5
1385,3.5
1386,3.5
1387,3.5
1388,3.5
1389,3.5
1390,3.5
1391,3.5
1392,3.5
1393,3.5
1394,3.5
1395,3.5
1396,3.5
1397,3.5
1398,3.5
1399,3.5
1400,3.5
1401,3.5
1402,3.5
1403,3.5
1404,3.5
1405,3.5
1406,3.5
1407,3.5
1408,3.5
1409,3.5
1410,3.5
1411,3.5
1412,3.5
1413,3.5
1414,3.5
1415,3.5
1416,3.5
1417,3.5
1418,3.5
1419,3.5
1420,3.5
1421,3.5
1422,3.5
1423,3.5
1424,3.5
1425,3.5
1426,3.5
1427,3.5
1428,3.5
1429,3.5
1430,3.5
1431,3.5
1432,3.5
1433,3.5
1434,3.5
1435,3.5
1436,3.5
1437,3.5
1438,3.5
1439,3.5
1440,3.5
1441,3.5
1442,3.5
1443,3.5
1444,3.5
1445,3.5
1446,3.5
1447,3.5
1448,3.5
1449,3.5
1450,3.5
1451,3.5
1452,3.5
1453,3.5
1454,3.5
1455,3.5
1456,3.5
1457,3.5
1458,3.5
1459,3.5
1460,3.5
1461,3.5
1462,3.5
1463,3.5
1464,3.5
1465,3.5
1466,3.5
1467,3.5
1468,3.5
1469,3.5
1470,3.5
1471,3.5
1472,3.5
1473,3.5
1474,3.5
1475,3.5
1476,3.5
1477,3.5
1478,3.5
1479,3.5
1480,3.5
1481,3.5
1482,3.5
1483,3.5
1484,3.5
1485,3.5
1486,3.5
1487,3.5
1488,3.5
1489,3.5
1490,3.5
1491,3.5
1492,3.5
1493,3.5
1494,3.5
1495,3.5
1496,3.5
1497,3.5
1498,3.5
1499,3.5
1500,3.5
1501,3.5
1502,3.5
1503,3.5
1504,3.5
1505,3.5
1506,3.5
1507,3.5
1508,3.5
1509,3.5
1510,3.5
1511,3.5
1512,3.5
1513,3.5
1514,3.5
1515,3.5
1516,3.5
1517,3.5
1518,3.5
1519,3.5
1520,3.5
1521,3.5
1522,3.5
1523,3.5
1524,3.5
1525,3.5
1526,3.5
1527,3.5
1528,3.5
1529,3.5
1530,3.5
1531,3.5
1532,3.5
1533,3.5
1534,3.5
1535,3.5
1536,3.5
1537,3.5
1538,3.5
1539,3.5
1540,3.5
1541,3.5
1542,3.5
1543,3.5
1544,3.5
1545,3.5
1546,3.5
1547,3.5
1548,3.5
1549,3.5
1550,3.5
1551,3.5
1552,3.5
1553,3.5
1554,3.5
1555,3.5
1556,3.5
1557,3.5
1558,3.5
1559,3.5
1560,3.5
1561,3.5
1562,3.5
1563,3.5
1564,3.5
1565,3.5
1566,3.5
1567,3.5
1568,3.5
1569,3.5
1570,3.5
1571,3.5
1572,3.5
1573,3.5
1574,3.5
1575,3.5
1576,3.5
1577,3.5
1578,3.5
1579,3.5
1580,3.5
1581,3.5
1582,3.5
1583,3.5
1584,3.5
1585,3.5
1586,3.5
1587,3.5
1588,3.5
1589,3.5
1590,3.5
1591,3.5
1592,3.5
1593,3.5
1594,3.5
1595,3.5
1596,3.5
1597,3.5
1598,3.5
1599,3.5
1600,3.5
1601,3.5
1602,3.5
1603,3.5
1604,3.5
1605,3.5
1606,3.5
1607,3.5
1608,3.5
1609,3.5
1610,3.5
1611,3.5
1612,3.5
1613,3.5
1614,3.5
1615,3.5
1616,3.5
1617,3.5
1618,3.5
1619,3.5
1620,3.5
1621,3.5
1622,3.5
1623,3.5
1624,3.5
1625,3.5
1626,3.5
1627,3.5
1628,3.5
1629,3.5
1630,3.5
1631,3.5
1632,3.5
1633,3.5
1634,3.5
1635,3.5
1636,3.5
1637,3.5
1638,3.5
1639,3.5
1640,3.5
1641,3.5
1642,3.5
1643,3.5
1644,3.5
1645,3.5
1646,3.5
1647,3.5
1648,3.5
1649,3.5
1650,3.5
1651,3.5
1652,3.5
1653,3.5
1654,3.5
1655,3.5
1656,3.5
1657,3.5
1658,3.5
1659,3.5
1660,3.5
1661,3.5
1662,3.5
1663,3.5
1664,3.5
1665,3.5
1666,3.5
1667,3.5
1668,3.5
1669,3.5
1670,3.5
1671,3.5
1672,3.5
1673,3.5
1674,3.5
1675,3.5
1676,3.5
1677,3.5
1678,3.5
1679,3.5
1680,3.5
1681,3.5
1682,3.5
1683,3.5
1684,3.5
1685,3.5
1686,3.5
1687,3.5
1688,3.5
1689,3.5
1690,3.5
1691,3.5
1692,3.5
1693,3.5
1694,3.5
1695,3.5
1696,3.5
1697,3.5
1698,3.5
1699,3.5
1700,3.5
1701,3.5
1702,3.5
1703,3.5
1704,3.5
1705,3.5
1706,3.5
1707,3.5
1708,3.5
1709,3.5
1710,3.5
1711,3.5
1712,3.5
1713,3.5
1714,3.5
1715,3.5
1716,3.5
1717,3.5
1718,3.5
1719,3.5
1720,3.5
1721,3.5
1722,3.5
1723,3.5
1724,3.5
1725,3.5
1726,3.5
1727,3.5
1728,3.5
1729,3.5
1730,3.5
1731,3.5
1732,3.5
1733,3.5
1734,3.5
1735,3.5
1736,3.5
1737,3.5
1738,3.5
1739,3.5
1740,3.5
1741,3.5
1742,3.5
1743,3.5
1744,3.5
1745,3.5
1746,3.5
1747,3.5
1748,3.5
1749,3.5
1750,3.5
1751,3.5
1752,3.5
1753,3.5
1754,3.5
1755,3.5
1756,3.5
1757,3.5
1758,3.5
1759,3.5
1760,3.5
1761,3.5
1762,3.5
1763,3.5
1764,3.5
1765,3.5
1766,3.5
1767,3.5
1768,3.5
1769,3.5
1770,3.5
1771,3.5
1772,3.5
1773,3.5
1774,3.5
1775,3.5
1776,3.5
1777,3.5
1778,3.5
1779,3.5
1780,3.5
1781,3.5
1782,3.5
1783,3.5
1784,3.5
1785,3.5
1786,3.5
1787,3.5
1788,3.5
1789,3.5
1790,3.5
1791,3.5
1792,3.5
1793,3.5
1794,3.5
1795,3.5
1796,3.5
1797,3.5
1798,3.5
1799,3.5
1800,3.5
1801,3.5
1802,3.5
1803,3.5
1804,3.5
1805,3.5
1806,3.5
1807,3.5
1808,3.5
1809,3.5
1810,3.5
1811,3.5
1812,3.5
1813,3.5
1814,3.5
1815,3.5
1816,3.5
1817,3.5
1818,3.5
1819,3.5
1820,3.5
1821,3.5
1822,3.5
1823,3.5
1824,3.5
1825,3.5
1826,3.5
1827,3.5
1828,3.5
1829,3.5
1830,3.5
1831,3.5
1832,3.5
1833,3.5
1834,3.5
1835,3.5
1836,3.5
1837,3.5
1838,3.5
1839,3.5
1840,3.5
1841,3.5
1842,3.5
1843,3.5
1844,3.5
1845,3.5
1846,3.5
1847,3.5
1848,3.5
1849,3.5
1850,3.5
1851,3.5
1852,3.5
1853,3.5
1854,3.5
1855,3.5
1856,3.5
1857,3.5
1858,3.5
1859,3.5
1860,3.5
1861,3.5
1862,3.5
1863,3.5
1864,3.5
1865,3.5
1866,3.5
1867,3.5
1868,3.5
1869,3.5
1870,3.5
1871,3.5
1872,3.5
1873,3.5
1874,3.5
1875,3.5
1876,3.5
1877,3.5
1878,3.5
1879,3.5
1880,3.5
1881,3.5
1882,3.5
1883,3.5
1884,3.5
1885,3.5
1886,3.5
1887,3.5
1888,3.5
1889,3.5
1890,3.5
1891,3.5
1892,3.5
1893,3.5
1894,3.5
1895,3.5
1896,3.5
1897,3.5
1898,3.5
1899,3.5
1900,3.5
1901,3.5
1902,3.5
1903,3.5
1904,3.5
1905,3.5
1906,3.5
1907,3.5
1908,3.5
1909,3.5
1910,3.5
1911,3.5
1912,3.5
1913,3.5
1914,3.5
1915,3.5
1916,3.5
1917,3.5
1918,3.5
1919,3.5
1920,3.5
1921,3.5
1922,3.5
1923,3.5
1924,3.5
1925,3.5
1926,3.5
1927,3.5
1928,3.5
1929,3.5
1930,3.5
1931,3.5
1932,3.5
1933,3.5
1934,3.5
1935,3.5
1936,3.5
1937,3.5
1938,3.5
1939,3.5
1940,3.5
1941,3.5
1942,3.5
1943,3.5
1944,3.5
1945,3.5
1946,3.5
1947,3.5
1948,3.5
1949,3.5
1950,3.5
1951,3.5
1952,3.5
1953,3.5
1954,3.5
1955,3.5
1956,3.5
1957,3.5
1958,3.5
1959,3.5
1960,3.5
1961,3.5
1962,3.5
1963,3.5
1964,3.5
1965,3.5
1966,3.5
1967,3.5
1968,3.5
1969,3.5
1970,3.5
1971,3.5
1972,3.5
1973,3.5
1974,3.5
1975,3.5
1976,3.5
1977,3.5
1978,3.5
1979,3.5
1980,3.5
1981,3.5
1982,3.5
1983,3.5
1984,3.5
1985,3.5
1986,3.5
1987,3.5
1988,3.5
1989,3.5
1990,3.5
1991,3.5
1992,3.5
1993,3.5
1994,3.5
1995,3.5
1996,3.5
1997,3.5
1998,3.5
1999,3.5
2000,3.5
2001,3.5
2002,3.5
2003,3.5
2004,3.5
2005,3.5
2006,3.5
2007,3.5
2008,3.5
2009,3.5
2010,3.5
2011,3.5
2012,3.5
2013,3.5
2014,3.5
2015,3.5
2016,3.5
2017,3.5
2018,3.5
2019,3.5
2020,3.5
2021,3.5
2022,3.5
2023,3.5
2024,3.5
2025,3.5
2026,3.5
2027,3.5
2028,3.5
2029,3.5
2030,3.5
2031,3.5
2032,3.5
2033,3.5
2034,3.5
2035,3.5
2036,3.5
2037,3.5
2038,3.5
2039,3.5
2040,3.5
2041,3.5
2042,3.5
2043,3.5
2044,3.5
2045,3.5
2046,3.5
2047,3.5
2048,3.5
2049,3.5
2050,3.5
2051,3.5
2052,3.5
2053,3.5
2054,3.5
2055,3.5
2056,3.5
2057,3.5
2058,3.5
2059,3.5
2060,3.5
2061,3.5
2062,3.5
2063,3.5
2064,3.5
2065,3.5
2066,3.5
2067,3.5
2068,3.5
2069,3.5
2070,3.5
2071,3.5
2072,3.5
2073,3.5
2074,3.5
2075,3.5
2076,3.5
2077,3.5
2078,3.5
2079,3.5
2080,3.5
2081,3.5
2082,3.5
2083,3.5
2084,3.5
2085,3.5
2086,3.5
2087,3.5
2088,3.5
2089,3.5
2090,3.5
2091,3.5
2092,3.5
2093,3.5
2094,3.5
2095,3.5
2096,3.5
2097,3.5
2098,3.5
2099,3.5
2100,3.5
2101,3.5
2102,3.5
2103,3.5
2104,3.5
2105,3.5
2106,3.5
2107,3.5
2108,3.5
2109,3.5
2110,3.5
2111,3.5
2112,3.5
2113,3.5
2114,3.5
2115,3.5
2116,3.5
2117,3.5
2118,3.5
2119,3.5
2120,3.5
2121,3.5
2122,3.5
2123,3.5
2124,3.5
2125,3.5
2126,3.5
2127,3.5
2128,3.5
2129,3.5
2130,3.5
2131,3.5
2132,3.5
2133,3.5
2134,3.5
2135,3.5
2136,3.5
2137,3.5
2138,3.5
2139,3.5
2140,3.5
2141,3.5
2142,3.5
2143,3.5
2144,3.5
2145,3.5
2146,3.5
2147,3.5
2148,3.5
2149,3.5
2150,3.5
2151,3.5
2152,3.5
2153,3.5
2154,3.5
2155,3.5
2156,3.5
2157,3.5
2158,3.5
2159,3.5
2160,3.5
2161,3.5
2162,3.5
2163,3.5
2164,3.5
2165,3.5
2166,3.5
2167,3.5
2168,3.5
2169,3.5
2170,3.5
2171,3.5
2172,3.5
2173,3.5
2174,3.5
2175,3.5
2176,3.5
2177,3.5
2178,3.5
2179,3.5
2180,3.5
2181,3.5
2182,3.5
2183,3.5
2184,3.5
2185,3.5
2186,3.5
2187,3.5
2188,3.5
2189,3.5
2190,3.5
2191,3.5
2192,3.5
2193,3.5
2194,3.5
2195,3.5
2196,3.5
2197,3.5
2198,3.5
2199,3.5
2200,3.5
2201,3.5
2202,3.5
2203,3.5
2204,3.5
2205,3.5
2206,3.5
2207,3.5
2208,3.5
2209,3.5
2210,3.5
2211,3.5
2212,3.5
2213,3.5
2214,3.5
2215,3.5
2216,3.5
2217,3.5
2218,3.5
2219,3.5
2220,3.5
2221,3.5
2222,3.5
2223,3.5
2224,3.5
2225,3.5
2226,3.5
2227,3.5
2228,3.5
2229,3.5
2230,3.5
2231,3.5
2232,3.5
2233,3.5
2234,3.5
2235,3.5
2236,3.5
2237,3.5
2238,3.5
2239,3.5
2240,3.5
2241,3.5
2242,3.5
2243,3.5
2244,3.5
2245,3.5
2246,3.5
2247,3.5
2248,3.5
2249,3.5
2250,3.5
2251,3.5
2252,3.5
2253,3.5
2254,3.5
2255,3.5
2256,3.5
2257,3.5
2258,3.5
2259,3.5
2260,3.5
2261,3.5
2262,3.5
2263,3.5
2264,3.5
2265,3.5
2266,3.5
2267,3.5
2268,3.5
2269,3.5
2270,3.5
2271,3.5
2272,3.5
2273,3.5
2274,3.5
2275,3.5
2276,3.5
2277,3.5
2278,3.5
2279,3.5
2280,3.5
2281,3.5
2282,3.5
2283,3.5
2284,3.5
2285,3.5
2286,3.5
2287,3.5
2288,3.5
2289,3.5
2290,3.5
2291,3.5
2292,3.5
2293,3.5
2294,3.5
2295,3.5
2296,3.5
2297,3.5
2298,3.5
2299,3.5
2300,3.5
2301,3.5
2302,3.5
2303,3.5
2304,3.5
2305,3.5
2306,3.5
2307,3.5
2308,3.5
2309,3.5
2310,3.5
2311,3.5
2312,3.5
2313,3.5
2314,3.5
2315,3.5
2316,3.5
2317,3.5
2318,3.5
2319,3.5
2320,3.5
2321,3.5
2322,3.5
2323,3.5
2324,3.5
2325,3.5
2326,3.5
2327,3.5
2328,3.5
2329,3.5
2330,3.5
2331,3.5
2332,3.5
2333,3.5
2334,3.5
2335,3.5
2336,3.5
2337,3.5
2338,3.5
2339,3.5
2340,3.5
2341,3.5
2342,3.5
2343,3.5
2344,3.5
2345,3.5
2346,3.5
2347,3.5
2348,3.5
2349,3.5
2350,3.5
2351,3.5
2352,3.5
2353,3.5
2354,3.5
2355,3.5
2356,3.5
2357,3.5
2358,3.5
2359,3.5
2360,3.5
2361,3.5
2362,3.5
2363,3.5
2364,3.5
2365,3.5
2366,3.5
2367,3.5
2368,3.5
2369,3.5
2370,3.5
2371,3.5
2372,3.5
2373,3.5
2374,3.5
2375,3.5
2376,3.5
2377,3.5
2378,3.5
2379,3.5
2380,3.5
2381,3.5
2382,3.5
2383,3.5
2384,3.5
2385,3.5
2386,3.5
2387,3.5
2388,3.5
2389,3.5
2390,3.5
2391,3.5
2392,3.5
2393,3.5
2394,3.5
2395,3.5
2396,3.5
2397,3.5
2398,3.5
2399,3.5
2400,3.5
2401,3.5
2402,3.5
2403,3.5
2404,3.5
2405,3.5
2406,3.5
2407,3.5
2408,3.5
2409,3.5
2410,3.5
2411,3.5
2412,3.5
2413,3.5
2414,3.5
2415,3.5
2416,3.5
2417,3.5
2418,3.5
2419,3.5
2420,3.5
2421,3.5
2422,3.5
2423,3.5
2424,3.5
2425,3.5
2426,3.5
2427,3.5
2428,3.5
2429,3.5
2430,3.5
2431,3.5
2432,3.5
2433,3.5
2434,3.5
2435,3.5
2436,3.5
2437,3.5
2438,3.5
2439,3.5
2440,3.5
2441,3.5
2442,3.5
2443,3.5
2444,3.5
2445,3.5
2446,3.5
2447,3.5
2448,3.5
2449,3.5
2450,3.5
2451,3.5
2452,3.5
2453,3.5
2454,3.5
2455,3.5
2456,3.5
2457,3.5
2458,3.5
2459,3.5
2460,3.5
2461,3.5
2462,3.5
2463,3.5
2464,3.5
2465,3.5
2466,3.5
2467,3.5
2468,3.5
2469,3.5
2470,3.5
2471,3.5
2472,3.5
2473,3.5
2474,3.5
2475,3.5
2476,3.5
2477,3.5
2478,3.5
2479,3.5
2480,3.5
2481,3.5
2482,3.5
2483,3.5
2484,3.5
2485,3.5
2486,3.5
2487,3.5
2488,3.5
2489,3.5
2490,3.5
2491,3.5
2492,3.5
2493,3.5
2494,3.5
2495,3.5
2496,3.5
2497,3.5
2498,3.5
2499,3.5
2500,3.5
2501,3.5
2502,3.5
2503,3.5
2504,3.5
2505,3.5
2506,3.5
2507,3.5
2508,3.5
2509,3.5
2510,3.5
2511,3.5
2512,3.5
2513,3.5
2514,3.5
2515,3.5
2516,3.5
2517,3.5
2518,3.5
2519,3.5
2520,3.5
2521,3.5
2522,3.5
2523,3.5
2524,3.5
2525,3.5
2526,3.5
2527,3.5
2528,3.5
2529,3.5
2530,3.5
2531,3.5
2532,3.5
2533,3.5
2534,3.5
2535,3.5
2536,3.5
2537,3.5
2538,3.5
2539,3.5
2540,3.5
2541,3.5
2542,3.5
2543,3.5
2544,3.5
2545,3.5
2546,3.5
2547,3.5
2548,3.5
2549,3.5
2550,3.5
2551,3.5
2552,3.5
2553,3.5
2554,3.5
2555,3.5
2556,3.5
2557,3.5
2558,3.5
2559,3.5
2560,3.5
2561,3.5
2562,3.5
2563,3.5
2564,3.5
2565,3.5
2566,3.5
2567,3.5
2568,3.5
2569,3.5
2570,3.5
2571,3.5
2572,3.5
2573,3.5
2574,3.5
2575,3.5
2576,3.5
2577,3.5
2578,3.5
2579,3.5
2580,3.5
2581,3.5
2582,3.5
2583,3.5
2584,3.5
2585,3.5
2586,3.5
2587,3.5
2588,3.5
2589,3.5
2590,3.5
2591,3.5
2592,3.5
2593,3.5
2594,3.5
2595,3.5
2596,3.5
2597,3.5
2598,3.5
2599,3.5
2600,3.5
2601,3.5
2602,3.5
2603,3.5
2604,3.5
2605,3.5
2606,3.5
2607,3.5
2608,3.5
2609,3.5
2610,3.5
2611,3.5
2612,3.5
2613,3.5
2614,3.5
2615,3.5
2616,3.5
2617,3.5
2618,3.5
2619,3.5
2620,3.5
2621,3.5
2622,3.5
2623,3.5
2624,3.5
2625,3.5
2626,3.5
2627,3.5
2628,3.5
2629,3.5
2630,3.5
2631,3.5
2632,3.5
2633,3.5
2634,3.5
2635,3.5
2636,3.5
2637,3.5
2638,3.5
2639,3.5
2640,3.5
2641,3.5
2642,3.5
2643,3.5
2644,3.5
2645,3.5
2646,3.5
2647,3.5
2648,3.5
2649,3.5
2650,3.5
2651,3.5
2652,3.5
2653,3.5
2654,3.5
2655,3.5
2656,3.5
2657,3.5
2658,3.5
2659,3.5
2660,3.5
2661,3.5
2662,3.5
2663,3.5
2664,3.5
2665,3.5
2666,3.5
2667,3.5
2668,3.5
2669,3.5
2670,3.5
2671,3.5
2672,3.5
2673,3.5
2674,3.5
2675,3.5
2676,3.5
2677,3.5
2678,3.5
2679,3.5
2680,3.5
2681,3.5
2682,3.5
2683,3.5
2684,3.5
2685,3.5
2686,3.5
2687,3.5
2688,3.5
2689,3.5
2690,3.5
2691,3.5
2692,3.5
2693,3.5
2694,3.5
2695,3.5
2696,3.5
2697,3.5
2698,3.5
2699,3.5
2700,3.5
2701,3.5
2702,3.5
2703,3.5
2704,3.5
2705,3.5
2706,3.5
2707,3.5
2708,3.5
2709,3.5
2710,3.5
2711,3.5
2712,3.5
2713,3.5
2714,3.5
2715,3.5
2716,3.5
2717,3.5
2718,3.5
2719,3.5
2720,3.5
2721,3.5
2722,3.5
2723,3.5
2724,3.5
2725,3.5
2726,3.5
2727,3.5
2728,3.5
2729,3.5
2730,3.5
2731,3.5
2732,3.5
2733,3.5
2734,3.5
2735,3.5
2736,3.5
2737,3.5
2738,3.5
2739,3.5
2740,3.5
2741,3.5
2742,3.5
2743,3.5
2744,3.5
2745,3.5
2746,3.5
2747,3.5
2748,3.5
2749,3.5
2750,3.5
2751,3.5
2752,3.5
2753,3.5
2754,3.5
2755,3.5
2756,3.5
2757,3.5
2758,3.5
2759,3.5
2760,3.5
2761,3.5
2762,3.5
2763,3.5
2764,3.5
2765,3.5
2766,3.5
2767,3.5
2768,3.5
2769,3.5
2770,3.5
2771,3.5
2772,3.5
2773,3.5
2774,3.5
2775,3.5
2776,3.5
2777,3.5
2778,3.5
2779,3.5
2780,3.5
2781,3.5
2782,3.5
2783,3.5
2784,3.5
2785,3.5
2786,3.5
2787,3.5
2788,3.5
2789,3.5
2790,3.5
2791,3.5
2792,3.5
2793,3.5
2794,3.5
2795,3.5
2796,3.5
2797,3.5
2798,3.5
2799,3.5
2800,3.5
2801,3.5
2802,3.5
2803,3.5
2804,3.5
2805,3.5
2806,3.5
2807,3.5
2808,3.5
2809,3.5
2810,3.5
2811,3.5
2812,3.5
2813,3.5
2814,3.5
2815,3.5
2816,3.5
2817,3.5
2818,3.5
2819,3.5
2820,3.5
2821,3.5
2822,3.5
2823,3.5
2824,3.5
2825,3.5
2826,3.5
2827,3.5
2828,3.5
2829,3.5
2830,3.5
2831,3.5
2832,3.5
2833,3.5
2834,3.5
2835,3.5
2836,3.5
2837,3.5
2838,3.5
2839,3.5
2840,3.5
2841,3.5
2842,3.5
2843,3.5
2844,3.5
2845,3.5
2846,3.5
2847,3.5
2848,3.5
2849,3.5
2850,3.5
2851,3.5
2852,3.5
2853,3.5
2854,3.5
2855,3.5
2856,3.5
2857,3.5
2858,3.5
2859,3.5
2860,3.5
2861,3.5
2862,3.5
2863,3.5
2864,3.5
2865,3.5
2866,3.5
2867,3.5
2868,3.5
2869,3.5
2870,3.5
2871,3.5
2872,3.5
2873,3.5
2874,3.5
2875,3.5
2876,3.5
2877,3.5
2878,3.5
2879,3.5
2880,3.5
2881,3.5
2882,3.5
2883,3.5
2884,3.5
2885,3.5
2886,3.5
2887,3.5
2888,3.5
2889,3.5
2890,3.5
2891,3.5
2892,3.5
2893,3.5
2894,3.5
2895,3.5
2896,3.5
2897,3.5
2898,3.5
2899,3.5
2900,3.5
2901,3.5
2902,3.5
2903,3.5
2904,3.5
2905,3.5
2906,3.5
2907,3.5
2908,3.5
2909,3.5
2910,3.5
2911,3.5
2912,3.5
2913,3.5
2914,3.5
2915,3.5
2916,3.5
2917,3.5
2918,3.5
2919,3.5
2920,3.5
2921,3.5
2922,3.5
2923,3.5
2924,3.5
2925,3.5
2926,3.5
2927,3.5
2928,3.5
2929,3.5
2930,3.5
2931,3.5
2932,3.5
2933,3.5
2934,3.5
2935,3.5
2936,3.5
2937,3.5
2938,3.5
2939,3.5
2940,3.5
2941,3.5
2942,3.5
2943,3.5
2944,3.5
2945,3.5
2946,3.5
2947,3.5
2948,3.5
2949,3.5
2950,3.5
2951,3.5
2952,3.5
2953,3.5
2954,3.5
2955,3.5
2956,3.5
2957,3.5
2958,3.5
2959,3.5
2960,3.5
2961,3.5
2962,3.5
2963,3.5
2964,3.5
2965,3.5
2966,3.5
2967,3.5
2968,3.5
2969,3.5
2970,3.5
2971,3.5
2972,3.5
2973,3.5
2974,3.5
2975,3.5
2976,3.5
2977,3.5
2978,3.5
2979,3.5
2980,3.5
2981,3.5
2982,3.5
2983,3.5
2984,3.5
2985,3.5
2986,3.5
2987,3.5
2988,3.5
2989,3.5
2990,3.5
2991,3.5
2992,3.5
2993,3.5
2994,3.5
2995,3.5
2996,3.5
2997,3.5
2998,3.5
2999,3.5
3000,3.5
3001,3.5
3002,3.5
3003,3.5
3004,3.5
3005,3.5
3006,3.5
3007,3.5
3008,3.5
3009,3.5
3010,3.5
3011,3.5
3012,3.5
3013,3.5
3014,3.5
3015,3.5
3016,3.5
3017,3.5
3018,3.5
3019,3.5
3020,3.5
3021,3.5
3022,3.5
3023,3.5
3024,3.5
3025,3.5
3026,3.5
3027,3.5
3028,3.5
3029,3.5
3030,3.5
3031,3.5
3032,3.5
3033,3.5
3034,3.5
3035,3.5
3036,3.5
3037,3.5
3038,3.5
3039,3.5
3040,3.5
3041,3.5
3042,3.5
3043,3.5
3044,3.5
3045,3.5
3046,3.5
3047,3.5
3048,3.5
3049,3.5
3050,3.5
3051,3.5
3052,3.5
3053,3.5
3054,3.5
3055,3.5
3056,3.5
3057,3.5
3058,3.5
3059,3.5
3060,3.5
3061,3.5
3062,3.5
3063,3.5
3064,3.5
3065,3.5
3066,3.5
3067,3.5
3068,3.5
3069,3.5
3070,3.5
3071,3.5
3072,3.5
3073,3.5
3074,3.5
3075,3.5
3076,3.5
3077,3.5
3078,3.5
3079,3.5
3080,3.5
3081,3.5
3082,3.5
3083,3.5
3084,3.5
3085,3.5
3086,3.5
3087,3.5
3088,3.5
3089,3.5
3090,3.5
3091,3.5
3092,3.5
3093,3.5
3094,3.5
3095,3.5
3096,3.5
3097,3.5
3098,3.5
3099,3.5
3100,3.5
3101,3.5
3102,3.5
3103,3.5
3104,3.5
3105,3.5
3106,3.5
3107,3.5
3108,3.5
3109,3.5
3110,3.5
3111,3.5
3112,3.5
3113,3.5
3114,3.5
3115,3.5
3116,3.5
3117,3.5
3118,3.5
3119,3.5
3120,3.5
3121,3.5
3122,3.5
3123,3.5
3124,3.5
3125,3.5
3126,3.5
3127,3.5
3128,3.5
3129,3.5
3130,3.5
3131,3.5
3132,3.5
3133,3.5
3134,3.5
3135,3.5
3136,3.5
3137,3.5
3138,3.5
3139,3.5
3140,3.5
3141,3.5
3142,3.5
3143,3.5
3144,3.5
3145,3.5
3146,3.5
3147,3.5
3148,3.5
3149,3.5
3150,3.5
3151,3.5
3152,3.5
3153,3.5
3154,3.5
3155,3.5
3156,3.5
3157,3.5
3158,3.5
3159,3.5
3160,3.5
3161,3.5
3162,3.5
3163,3.5
3164,3.5
3165,3.5
3166,3.5
3167,3.5
3168,3.5
3169,3.5
3170,3.5
3171,3.5
3172,3.5
3173,3.5
3174,3.5
3175,3.5
3176,3.5
3177,3.5
3178,3.5
3179,3.5
3180,3.5
3181,3.5
3182,3.5
3183,3.5
3184,3.5
3185,3.5
3186,3.5
3187,3.5
3188,3.5
3189,3.5
3190,3.5
3191,3.5
3192,3.5
3193,3.5
3194,3.5
3195,3.5
3196,3.5
3197,3.5
3198,3.5
3199,3.5
3200,3.5
3201,3.5
3202,3.5
3203,3.5
3204,3.5
3205,3.5
3206,3.5
3207,3.5
3208,3.5
3209,3.5
3210,3.5
3211,3.5
3212,3.5
3213,3.5
3214,3.5
3215,3.5
3216,3.5
3217,3.5
3218,3.5
3219,3.5
3220,3.5
3221,3.5
3222,3.5
3223,3.5
3224,3.5
3225,3.5
3226,3.5
3227,3.5
3228,3.5
3229,3.5
3230,3.5
3231,3.5
3232,3.5
3233,3.5
3234,3.5
3235,3.5
3236,3.5
3237,3.5
3238,3.5
3239,3.5
3240,3.5
3241,3.5
3242,3.5
3243,3.5
3244,3.5
3245,3.5
3246,3.5
3247,3.5
3248,3.5
3249,3.5
3250,3.5
3251,3.5
3252,3.5
3253,3.5
3254,3.5
3255,3.5
3256,3.5
3257,3.5
3258,3.5
3259,3.5
3260,3.5
3261,3.5
3262,3.5
3263,3.5
3264,3.5
3265,3.5
3266,3.5
3267,3.5
3268,3.5
3269,3.5
3270,3.5
3271,3.5
3272,3.5
3273,3.5
3274,3.5
3275,3.5
3276,3.5
3277,3.5
3278,3.5
3279,3.5
3280,3.5
3281,3.5
3282,3.5
3283,3.5
3284,3.5
3285,3.5
3286,3.5
3287,3.5
3288,3.5
3289,3.5
3290,3.5
3291,3.5
3292,3.5
3293,3.5
3294,3.5
3295,3.5
3296,3.5
3297,3.5
3298,3.5
3299,3.5
3300,3.5
3301,3.5
3302,3.5
3303,3.5
3304,3.5
3305,3.5
3306,3.5
3307,3.5
3308,3.5
3309,3.5
3310,3.5
3311,3.5
3312,3.5
3313,3.5
3314,3.5
3315,3.5
3316,3.5
3317,3.5
3318,3.5
3319,3.5
3320,3.5
3321,3.5
3322,3.5
3323,3.5
3324,3.5
3325,3.5
3326,3.5
3327,3.5
3328,3.5
3329,3.5
3330,3.5
3331,3.5
3332,3.5
3333,3.5
3334,3.5
3335,3.5
3336,3.5
3337,3.5
3338,3.5
3339,3.5
3340,3.5
3341,3.5
3342,3.5
3343,3.5
3344,3.5
3345,3.5
3346,3.5
3347,3.5
3348,3.5
3349,3.5
3350,3.5
3351,3.5
3352,3.5
3353,3.5
3354,3.5
3355,3.5
3356,3.5
3357,3.5
3358,3.5
3359,3.5
3360,3.5
3361,3.5
3362,3.5
3363,3.5
3364,3.5
3365,3.5
3366,3.5
3367,3.5
3368,3.5
3369,3.5
3370,3.5
3371,3.5
3372,3.5
3373,3.5
3374,3.5
3375,3.5
3376,3.5
3377,3.5
3378,3.5
3379,3.5
3380,3.5
3381,3.5
3382,3.5
3383,3.5
3384,3.5
3385,3.5
3386,3.5
3387,3.5
3388,3.5
3389,3.5
3390,3.5
3391,3.5
3392,3.5
3393,3.5
3394,3.5
3395,3.5
3396,3.5
3397,3.5
3398,3.5
3399,3.5
3400,3.5
3401,3.5
3402,3.5
3403,3.5
3404,3.5
3405,3.5
3406,3.5
3407,3.5
3408,3.5
3409,3.5
3410,3.5
3411,3.5
3412,3.5
3413,3.5
3414,3.5
3415,3.5
3416,3.5
3417,3.5
3418,3.5
3419,3.5
3420,3.5
3421,3.5
3422,3.5
3423,3.5
3424,3.5
3425,3.5
3426,3.5
3427,3.5
3428,3.5
3429,3.5
3430,3.5
3431,3.5
3432,3.5
3433,3.5
3434,3.5
3435,3.5
3436,3.5
3437,3.5
3438,3.5
3439,3.5
3440,3.5
3441,3.5
3442,3.5
3443,3.5
3444,3.5
3445,3.5
3446,3.5
3447,3.5
3448,3.5
3449,3.5
3450,3.5
3451,3.5
3452,3.5
3453,3.5
3454,3.5
3455,3.5
3456,3.5
3457,3.5
3458,3.5
3459,3.5
3460,3.5
3461,3.5
3462,3.5
3463,3.5
3464,3.5
3465,3.5
3466,3.5
3467,3.5
3468,3.5
3469,3.5
3470,3.5
3471,3.5
3472,3.5
3473,3.5
3474,3.5
3475,3.5
3476,3.5
3477,3.5
3478,3.5
3479,3.5
3480,3.5
3481,3.5
3482,3.5
3483,3.5
3484,3.5
3485,3.5
3486,3.5
3487,3.5
3488,3.5
3489,3.5
3490,3.5
3491,3.5
3492,3.5
3493,3.5
3494,3.5
3495,3.5
3496,3.5
3497,3.5
3498,3.5
3499,3.5
3500,3.5
3501,3.5
3502,3.5
3503,3.5
3504,3.5
3505,3.5
3506,3.5
3507,3.5
3508,3.5
3509,3.5
3510,3.5
3511,3.5
3512,3.5
3513,3.5
3514,3.5
3515,3.5
3516,3.5
3517,3.5
3518,3.5
3519,3.5
3520,3.5
3521,3.5
3522,3.5
3523,3.5
3524,3.5
3525,3.5
3526,3.5
3527,3.5
3528,3.5
3529,3.5
3530,3.5
3531,3.5
3532,3.5
3533,3.5
3534,3.5
3535,3.5
3536,3.5
3537,3.5
3538,3.5
3539,3.5
3540,3.5
3541,3.5
3542,3.5
3543,3.5
3544,3.5
3545,3.5
3546,3.5
3547,3.5
3548,3.5
3549,3.5
3550,3.5
3551,3.5
3552,3.5
3553,3.5
3554,3.5
3555,3.5
3556,3.5
3557,3.5
3558,3.5
3559,3.5
3560,3.5
3561,3.5
3562,3.5
3563,3.5
3564,3.5
3565,3.5
3566,3.5
3567,3.5
3568,3.5
3569,3.5
3570,3.5
3571,3.5
3572,3.5
3573,3.5
3574,3.5
3575,3.5
3576,3.5
3577,3.5
3578,3.5
3579,3.5
3580,3.5
3581,3.5
3582,3.5
3583,3.5
3584,3.5
3585,3.5
3586,3.5
3587,3.5
3588,3.5
3589,3.5
3590,3.5
3591,3.5
3592,3.5
3593,3.5
3594,3.5
3595,3.5
3596,3.5
3597,3.5
3598,3.5
3599,3.5
3600,3.5
3601,3.5
3602,3.5
3603,3.5
3604,3.5
3605,3.5
3606,3.5
3607,3.5
3608,3.5
3609,3.5
3610,3.5
3611,3.5
3612,3.5
3613,3.5
3614,3.5
3615,3.5
3616,3.5
3617,3.5
3618,3.5
3619,3.5
3620,3.5
3621,3.5
3622,3.5
3623,3.5
3624,3.5
3625,3.5
3626,3.5
3627,3.5
3628,3.5
3629,3.5
3630,3.5
3631,3.5
3632,3.5
3633,3.5
3634,3.5
3635,3.5
3636,3.5
3637,3.5
3638,3.5
3639,3.5
3640,3.5
3641,3.5
3642,3.5
3643,3.5
3644,3.5
3645,3.5
3646,3.5
3647,3.5
3648,3.5
3649,3.5
3650,3.5
3651,3.5
3652,3.5
3653,3.5
3654,3.5
3655,3.5
3656,3.5
3657,3.5
3658,3.5
3659,3.5
3660,3.5
3661,3.5
3662,3.5
3663,3.5
3664,3.5
3665,3.5
3666,3.5
3667,3.5
3668,3.5
3669,3.5
3670,3.5
3671,3.5
3672,3.5
3673,3.5
3674,3.5
3675,3.5
3676,3.5
3677,3.5
3678,3.5
3679,3.5
3680,3.5
3681,3.5
3682,3.5
3683,3.5
3684,3.5
3685,3.5
3686,3.5
3687,3.5
3688,3.5
3689,3.5
3690,3.5
3691,3.5
3692,3.5
3693,3.5
3694,3.5
3695,3.5
3696,3.5
3697,3.5
3698,3.5
3699,3.5
3700,3.5
3701,3.5
3702,3.5
3703,3.5
3704,3.5
3705,3.5
3706,3.5
3707,3.5
3708,3.5
3709,3.5
3710,3.5
3711,3.5
3712,3.5
3713,3.5
3714,3.5
3715,3.5
3716,3.5
3717,3.5
3718,3.5
3719,3.5
3720,3.5
3721,3.5
3722,3.5
3723,3.5
3724,3.5
3725,3.5
3726,3.5
3727,3.5
3728,3.5
3729,3.5
3730,3.5
3731,3.5
3732,3.5
3733,3.5
3734,3.5
3735,3.5
3736,3.5
3737,3.5
3738,3.5
3739,3.5
3740,3.5
3741,3.5
3742,3.5
3743,3.5
3744,3.5
3745,3.5
3746,3.5
3747,3.5
3748,3.5
3749,3.5
3750,3.5
3751,3.5
3752,3.5
3753,3.5
3754,3.5
3755,3.5
3756,3.5
3757,3.5
3758,3.5
3759,3.5
3760,3.5
3761,3.5
3762,3.5
3763,3.5
3764,3.5
3765,3.5
3766,3.5
3767,3.5
3768,3.5
3769,3.5
3770,3.5
3771,3.5
3772,3.5
3773,3.5
3774,3.5
3775,3.5
3776,3.5
3777,3.5
3778,3.5
3779,3.5
3780,3.5
3781,3.5
3782,3.5
3783,3.5
3784,3.5
3785,3.5
3786,3.5
3787,3.5
3788,3.5
3789,3.5
3790,3.5
3791,3.5
3792,3.5
3793,3.5
3794,3.5
3795,3.5
3796,3.5
3797,3.5
3798,3.5
3799,3.5
3800,3.5
3801,3.5
3802,3.5
3803,3.5
3804,3.5
3805,3.5
3806,3.5
3807,3.5
3808,3.5
3809,3.5
3810,3.5
3811,3.5
3812,3.5
3813,3.5
3814,3.5
3815,3.5
3816,3.5
3817,3.5
3818,3.5
3819,3.5
3820,3.5
3821,3.5
3822,3.5
3823,3.5
3824,3.5
3825,3.5
3826,3.5
3827,3.5
3828,3.5
3829,3.5
3830,3.5
3831,3.5
3832,3.5
3833,3.5
3834,3.5
3835,3.5
3836,3.5
3837,3.5
3838,3.5
3839,3.5
3840,3.5
3841,3.5
3842,3.5
3843,3.5
3844,3.5
3845,3.5
3846,3.5
3847,3.5
3848,3.5
3849,3.5
3850,3.5
3851,3.5
3852,3.5
3853,3.5
3854,3.5
3855,3.5
3856,3.5
3857,3.5
3858,3.5
3859,3.5
3860,3.5
3861,3.5
3862,3.5
3863,3.5
3864,3.5
3865,3.5
3866,3.5
3867,3.5
3868,3.5
3869,3.5
3870,3.5
3871,3.5
3872,3.5
3873,3.5
3874,3.5
3875,3.5
3876,3.5
3877,3.5
3878,3.5
3879,3.5
3880,3.5
3881,3.5
3882,3.5
3883,3.5
3884,3.5
3885,3.5
3886,3.5
3887,3.5
3888,3.5
3889,3.5
3890,3.5
3891,3.5
3892,3.5
3893,3.5
3894,3.5
3895,3.5
3896,3.5
3897,3.5
3898,3.5
3899,3.5
3900,3.5
3901,3.5
3902,3.5
3903,3.5
3904,3.5
3905,3.5
3906,3.5
3907,3.5
3908,3.5
3909,3.5
3910,3.5
3911,3.5
3912,3.5
3913,3.5
3914,3.5
3915,3.5
3916,3.5
3917,3.5
3918,3.5
3919,3.5
3920,3.5
3921,3.5
3922,3.5
3923,3.5
3924,3.5
3925,3.5
3926,3.5
3927,3.5
3928,3.5
3929,3.5
3930,3.5
3931,3.5
3932,3.5
3933,3.5
3934,3.5
3935,3.5
3936,3.5
3937,3.5
3938,3.5
3939,3.5
3940,3.5
3941,3.5
3942,3.5
3943,3.5
3944,3.5
3945,3.5
3946,3.5
3947,3.5
3948,3.5
3949,3.5
3950,3.5
3951,3.5
3952,3.5
3953,3.5
3954,3.5
3955,3.5
3956,3.5
3957,3.5
3958,3.5
3959,3.5
3960,3.5
3961,3.5
3962,3.5
3963,3.5
3964,3.5
3965,3.5
3966,3.5
3967,3.5
3968,3.5
3969,3.5
3970,3.5
3971,3.5
3972,3.5
3973,3.5
3974,3.5
3975,3.5
3976,3.5
3977,3.5
3978,3.5
3979,3.5
3980,3.5
3981,3.5
3982,3.5
3983,3.5
3984,3.5
3985,3.5
3986,3.5
3987,3.5
3988,3.5
3989,3.5
3990,3.5
3991,3.5
3992,3.5
3993,3.5
3994,3.5
3995,3.5
3996,3.5
3997,3.5
3998,3.5
3999,3.5
4000,3.5
4001,3.5
4002,3.5
4003,3.5
4004,3.5
4005,3.5
4006,3.5
4007,3.5
4008,3.5
4009,3.5
4010,3.5
4011,3.5
4012,3.5
4013,3.5
4014,3.5
4015,3.5
4016,3.5
4017,3.5
4018,3.5
4019,3.5
4020,3.5
4021,3.5
4022,3.5
4023,3.5
4024,3.5
4025,3.5
4026,3.5
4027,3.5
4028,3.5
4029,3.5
4030,3.5
4031,3.5
4032,3.5
4033,3.5
4034,3.5
4035,3.5
4036,3.5
4037,3.5
4038,3.5
4039,3.5
4040,3.5
4041,3.5
4042,3.5
4043,3.5
4044,3.5
4045,3.5
4046,3.5
4047,3.5
4048,3.5
4049,3.5
4050,3.5
4051,3.5
4052,3.5
4053,3.5
4054,3.5
4055,3.5
4056,3.5
4057,3.5
4058,3.5
4059,3.5
4060,3.5
4061,3.5
4062,3.5
4063,3.5
4064,3.5
4065,3.5
4066,3.5
4067,3.5
4068,3.5
4069,3.5
4070,3.5
4071,3.5
4072,3.5
4073,3.5
4074,3.5
4075,3.5
4076,3.5
4077,3.5
4078,3.5
4079,3.5
4080,3.5
4081,3.5
4082,3.5
4083,3.5
4084,3.5
4085,3.5
4086,3.5
4087,3.5
4088,3.5
4089,3.5
4090,3.5
4091,3.5
4092,3.5
4093,3.5
4094,3.5
4095,3.5
4096,3.5
4097,3.5
4098,3.5
4099,3.5
4100,3.5
4101,3.5
4102,3.5
4103,3.5
4104,3.5
4105,3.5
4106,3.5
4107,3.5
4108,3.5
4109,3.5
4110,3.5
4111,3.5
4112,3.5
4113,3.5
4114,3.5
4115,3.5
4116,3.5
4117,3.5
4118,3.5
4119,3.5
4120,3.5
4121,3.5
4122,3.5
4123,3.5
4124,3.5
4125,3.5
4126,3.5
4127,3.5
4128,3.5
4129,3.5
4130,3.5
4131,3.5
4132,3.5
4133,3.5
4134,3.5
4135,3.5
4136,3.5
4137,3.5
4138,3.5
4139,3.5
4140,3.5
4141,3.5
4142,3.5
4143,3.5
4144,3.5
4145,3.5
4146,3.5
4147,3.5
4148,3.5
4149,3.5
4150,3.5
4151,3.5
4152,3.5
4153,3.5
4154,3.5
4155,3.5
4156,3.5
4157,3.5
4158,3.5
4159,3.5
4160,3.5
4161,3.5
4162,3.5
4163,3.5
4164,3.5
4165,3.5
4166,3.5
4167,3.5
4168,3.5
4169,3.5
4170,3.5
4171,3.5
4172,3.5
4173,3.5
4174,3.5
4175,3.5
4176,3.5
4177,3.5
4178,3.5
4179,3.5
4180,3.5
4181,3.5
4182,3.5
4183,3.5
4184,3.5
4185,3.5
4186,3.5
4187,3.5
4188,3.5
4189,3.5
4190,3.5
4191,3.5
4192,3.5
4193,3.5
4194,3.5
4195,3.5
4196,3.5
4197,3.5
4198,3.5
4199,3.5
4200,3.5
4201,3.5
4202,3.5
4203,3.5
4204,3.5
4205,3.5
4206,3.5
4207,3.5
4208,3.5
4209,3.5
4210,3.5
4211,3.5
4212,3.5
4213,3.5
4214,3.5
4215,3.5
4216,3.5
4217,3.5
4218,3.5
4219,3.5
4220,3.5
4221,3.5
4222,3.5
4223,3.5
4224,3.5
4225,3.5
4226,3.5
4227,3.5
4228,3.5
4229,3.5
4230,3.5
4231,3.5
4232,3.5
4233,3.5
4234,3.5
4235,3.5
4236,3.5
4237,3.5
4238,3.5
4239,3.5
4240,3.5
4241,3.5
4242,3.5
4243,3.5
4244,3.5
4245,3.5
4246,3.5
4247,3.5
4248,3.5
4249,3.5
4250,3.5
4251,3.5
4252,3.5
4253,3.5
4254,3.5
4255,3.5
4256,3.5
4257,3.5
4258,3.5
4259,3.5
4260,3.5
4261,3.5
4262,3.5
4263,3.5
4264,3.5
4265,3.5
4266,3.5
4267,3.5
4268,3.5
4269,3.5
4270,3.5
4271,3.5
4272,3.5
4273,3.5
4274,3.5
4275,3.5
4276,3.5
4277,3.5
4278,3.5
4279,3.5
4280,3.5
4281,3.5
4282,3.5
4283,3.5
4284,3.5
4285,3.5
4286,3.5
4287,3.5
4288,3.5
4289,3.5
4290,3.5
4291,3.5
4292,3.5
4293,3.5
4294,3.5
4295,3.5
4296,3.5
4297,3.5
4298,3.5
4299,3.5
4300,3.5
4301,3.5
4302,3.5
4303,3.5
4304,3.5
4305,3.5
4306,3.5
4307,3.5
4308,3.5
4309,3.5
4310,3.5
4311,3.5
4312,3.5
4313,3.5
4314,3.5
4315,3.5
4316,3.5
4317,3.5
4318,3.5
4319,3.5
4320,3.5
4321,3.5
4322,3.5
4323,3.5
4324,3.5
4325,3.5
4326,3.5
4327,3.5
4328,3.5
4329,3.5
4330,3.5
4331,3.5
4332,3.5
4333,3.5
4334,3.5
4335,3.5
4336,3.5
4337,3.5
4338,3.5
4339,3.5
4340,3.5
4341,3.5
4342,3.5
4343,3.5
4344,3.5
4345,3.5
4346,3.5
4347,3.5
4348,3.5
4349,3.5
4350,3.5
4351,3.5
4352,3.5
4353,3.5
4354,3.5
4355,3.5
4356,3.5
4357,3.5
4358,3.5
4359,3.5
4360,3.5
4361,3.5
4362,3.5
4363,3.5
4364,3.5
4365,3.5
4366,3.5
4367,3.5
4368,3.5
4369,3.5
4370,3.5
4371,3.5
4372,3.5
4373,3.5
4374,3.5
4375,3.5
4376,3.5
4377,3.5
4378,3.5
4379,3.5
4380,3.5
4381,3.5
4382,3.5
4383,3.5
4384,3.5
4385,3.5
4386,3.5
4387,3.5
4388,3.5
4389,3.5
4390,3.5
4391,3.5
4392,3.5
4393,3.5
4394,3.5
4395,3.5
4396,3.5
4397,3.5
4398,3.5
4399,3.5
4400,3.5
4401,3.5
4402,3.5
4403,3.5
4404,3.5
4405,3.5
4406,3.5
4407,3.5
4408,3.5
4409,3.5
4410,3.5
4411,3.5
4412,3.5
4413,3.5
4414,3.5
4415,3.5
4416,3.5
4417,3.5
4418,3.5
4419,3.5
4420,3.5
4421,3.5
4422,3.5
4423,3.5
4424,3.5
4425,3.5
4426,3.5
4427,3.5
4428,3.5
4429,3.5
4430,3.5
4431,3.5
4432,3.5
4433,3.5
4434,3.5
4435,3.5
4436,3.5
4437,3.5
4438,3.5
4439,3.5
4440,3.5
4441,3.5
4442,3.5
4443,3.5
4444,3.5
4445,3.5
4446,3.5
4447,3.5
4448,3.5
4449,3.5
4450,3.5
4451,3.5
4452,3.5
4453,3.5
4454,3.5
4455,3.5
4456,3.5
4457,3.5
4458,3.5
4459,3.5
4460,3.5
4461,3.5
4462,3.5
4463,3.5
4464,3.5
4465,3.5
4466,3.5
4467,3.5
4468,3.5
4469,3.5
4470,3.5
4471,3.5
4472,3.5
4473,3.5
4474,3.5
4475,3.5
4476,3.5
4477,3.5
4478,3.5
4479,3.5
4480,3.5
4481,3.5
4482,3.5
4483,3.5
4484,3.5
4485,3.5
4486,3.5
4487,3.5
4488,3.5
4489,3.5
4490,3.5
4491,3.5
4492,3.5
4493,3.5
4494,3.5
4495,3.5
4496,3.5
4497,3.5
4498,3.5
4499,3.5
4500,3.5
4501,3.5
4502,3.5
4503,3.5
4504,3.5
4505,3.5
4506,3.5
4507,3.5
4508,3.5
4509,3.5
4510,3.5
4511,3.5
4512,3.5
4513,3.5
4514,3.5
4515,3.5
4516,3.5
4517,3.5
4518,3.5
4519,3.5
4520,3.5
4521,3.5
4522,3.5
4523,3.5
4524,3.5
4525,3.5
4526,3.5
4527,3.5
4528,3.5
4529,3.5
4530,3.5
4531,3.5
4532,3.5
4533,3.5
4534,3.5
4535,3.5
4536,3.5
4537,3.5
4538,3.5
4539,3.5
4540,3.5
4541,3.5
4542,3.5
4543,3.5
4544,3.5
4545,3.5
4546,3.5
4547,3.5
4548,3.5
4549,3.5
4550,3.5
4551,3.5
4552,3.5
4553,3.5
4554,3.5
4555,3.5
4556,3.5
4557,3.5
4558,3.5
4559,3.5
4560,3.5
4561,3.5
4562,3.5
4563,3.5
4564,3.5
4565,3.5
4566,3.5
4567,3.5
4568,3.5
4569,3.5
4570,3.5
4571,3.5
4572,3.5
4573,3.5
4574,3.5
4575,3.5
4576,3.5
4577,3.5
4578,3.5
4579,3.5
4580,3.5
4581,3.5
4582,3.5
4583,3.5
4584,3.5
4585,3.5
4586,3.5
4587,3.5
4588,3.5
4589,3.5
4590,3.5
4591,3.5
4592,3.5
4593,3.5
4594,3.5
4595,3.5
4596,3.5
4597,3.5
4598,3.5
4599,3.5
4600,3.5
4601,3.5
4602,3.5
4603,3.5
4604,3.5
4605,3.5
4606,3.5
4607,3.5
4608,3.5
4609,3.5
4610,3.5
4611,3.5
4612,3.5
4613,3.5
4614,3.5
4615,3.5
4616,3.5
4617,3.5
4618,3.5
4619,3.5
4620,3.5
4621,3.5
4622,3.5
4623,3.5
4624,3.5
4625,3.5
4626,3.5
4627,3.5
4628,3.5
4629,3.5
4630,3.5
4631,3.5
4632,3.5
4633,3.5
4634,3.5
4635,3.5
4636,3.5
4637,3.5
4638,3.5
4639,3.5
4640,3.5
4641,3.5
4642,3.5
4643,3.5
4644,3.5
4645,3.5
4646,3.5
4647,3.5
4648,3.5
4649,3.5
4650,3.5
4651,3.5
4652,3.5
4653,3.5
4654,3.5
4655,3.5
4656,3.5
4657,3.5
4658,3.5
4659,3.5
4660,3.5
4661,3.5
4662,3.5
4663,3.5
4664,3.5
4665,3.5
4666,3.5
4667,3.5
4668,3.5
4669,3.5
4670,3.5
4671,3.5
4672,3.5
4673,3.5
4674,3.5
4675,3.5
4676,3.5
4677,3.5
4678,3.5
4679,3.5
4680,3.5
4681,3.5
4682,3.5
4683,3.5
4684,3.5
4685,3.5
4686,3.5
4687,3.5
4688,3.5
4689,3.5
4690,3.5
4691,3.5
4692,3.5
4693,3.5
4694,3.5
4695,3.5
4696,3.5
4697,3.5
4698,3.5
4699,3.5
4700,3.5
4701,3.5
4702,3.5
4703,3.5
4704,3.5
4705,3.5
4706,3.5
4707,3.5
4708,3.5
4709,3.5
4710,3.5
4711,3.5
4712,3.5
4713,3.5
4714,3.5
4715,3.5
4716,3.5
4717,3.5
4718,3.5
4719,3.5
4720,3.5
4721,3.5
4722,3.5
4723,3.5
4724,3.5
4725,3.5
4726,3.5
4727,3.5
4728,3.5
4729,3.5
4730,3.5
4731,3.5
4732,3.5
4733,3.5
4734,3.5
4735,3.5
4736,3.5
4737,3.5
4738,3.5
4739,3.5
4740,3.5
4741,3.5
4742,3.5
4743,3.5
4744,3.5
4745,3.5
4746,3.5
4747,3.5
4748,3.5
4749,3.5
4750,3.5
4751,3.5
4752,3.5
4753,3.5
4754,3.5
4755,3.5
4756,3.5
4757,3.5
4758,3.5
4759,3.5
4760,3.5
4761,3.5
4762,3.5
4763,3.5
4764,3.5
4765,3.5
4766,3.5
4767,3.5
4768,3.5
4769,3.5
4770,3.5
4771,3.5
4772,3.5
4773,3.5
4774,3.5
4775,3.5
4776,3.5
4777,3.5
4778,3.5
4779,3.5
4780,3.5
4781,3.5
4782,3.5
4783,3.5
4784,3.5
4785,3.5
4786,3.5
4787,3.5
4788,3.5
4789,3.5
4790,3.5
4791,3.5
4792,3.5
4793,3.5
4794,3.5
4795,3.5
4796,3.5
4797,3.5
4798,3.5
4799,3.5
4800,3.5
4801,3.5
4802,3.5
4803,3.5
4804,3.5
4805,3.5
4806,3.5
4807,3.5
4808,3.5
4809,3.5
4810,3.5
4811,3.5
4812,3.5
4813,3.5
4814,3.5
4815,3.5
4816,3.5
4817,3.5
4818,3.5
4819,3.5
4820,3.5
4821,3.5
4822,3.5
4823,3.5
4824,3.5
4825,3.5
4826,3.5
4827,3.5
4828,3.5
4829,3.5
4830,3.5
4831,3.5
4832,3.5
4833,3.5
4834,3.5
4835,3.5
4836,3.5
4837,3.5
4838,3.5
4839,3.5
4840,3.5
4841,3.5
4842,3.5
4843,3.5
4844,3.5
4845,3.5
4846,3.5
4847,3.5
4848,3.5
4849,3.5
4850,3.5
4851,3.5
4852,3.5
4853,3.5
4854,3.5
4855,3.5
4856,3.5
4857,3.5
4858,3.5
4859,3.5
4860,3.5
4861,3.5
4862,3.5
4863,3.5
4864,3.5
4865,3.5
4866,3.5
4867,3.5
4868,3.5
4869,3.5
4870,3.5
4871,3.5
4872,3.5
4873,3.5
4874,3.5
4875,3.5
4876,3.5
4877,3.5
4878,3.5
4879,3.5
4880,3.5
4881,3.5
4882,3.5
4883,3.5
4884,3.5
4885,3.5
4886,3.5
4887,3.5
4888,3.5
4889,3.5
4890,3.5
4891,3.5
4892,3.5
4893,3.5
4894,3.5
4895,3.5
4896,3.5
4897,3.5
4898,3.5
4899,3.5
4900,3.5
4901,3.5
4902,3.5
4903,3.5
4904,3.5
4905,3.5
4906,3.5
4907,3.5
4908,3.5
4909,3.5
4910,3.5
4911,3.5
4912,3.5
4913,3.5
4914,3.5
4915,3.5
4916,3.5
4917,3.5
4918,3.5
4919,3.5
4920,3.5
4921,3.5
4922,3.5
4923,3.5
4924,3.5
4925,3.5
4926,3.5
4927,3.5
4928,3.5
4929,3.5
4930,3.5
4931,3.5
4932,3.5
4933,3.5
4934,3.5
4935,3.5
4936,3.5
4937,3.5
4938,3.5
4939,3.5
4940,3.5
4941,3.5
4942,3.5
4943,3.5
4944,3.5
4945,3.5
4946,3.5
4947,3.5
4948,3.5
4949,3.5
4950,3.5
4951,3.5
4952,3.5
4953,3.5
4954,3.5
4955,3.5
4956,3.5
4957,3.5
4958,3.5
4959,3.5
4960,3.5
4961,3.5
4962,3.5
4963,3.5
4964,3.5
4965,3.5
4966,3.5
4967,3.5
4968,3.5
4969,3.5
4970,3.5
4971,3.5
4972,3.5
4973,3.5
4974,3.5
4975,3.5
4976,3.5
4977,3.5
4978,3.5
4979,3.5
4980,3.5
4981,3.5
4982,3.5
4983,3.5
4984,3.5
4985,3.5
4986,3.5
4987,3.5
4988,3.5
4989,3.5
4990,3.5
4991,3.5
4992,3.5
4993,3.5
4994,3.5
4995,3.5
4996,3.5
4997,3.5
4998,3.5
4999,3.5
5000,3.5
5001,3.5
5002,3.5
5003,3.5
5004,3.5
5005,3.5
5006,3.5
5007,3.5
5008,3.5
5009,3.5
5010,3.5
5011,3.5
5012,3.5
5013,3.5
5014,3.5
5015,3.5
5016,3.5
5017,3.5
5018,3.5
5019,3.5
5020,3.5
5021,3.5
5022,3.5
5023,3.5
5024,3.5
5025,3.5
5026,3.5
5027,3.5
5028,3.5
5029,3.5
5030,3.5
5031,3.5
5032,3.5
5033,3.5
5034,3.5
5035,3.5
5036,3.5
5037,3.5
5038,3.5
5039,3.5
5040,3.5
5041,3.5
5042,3.5
5043,3.5
5044,3.5
5045,3.5
5046,3.5
5047,3.5
5048,3.5
5049,3.5
5050,3.5
5051,3.5
5052,3.5
5053,3.5
5054,3.5
5055,3.5
5056,3.5
5057,3.5
5058,3.5
5059,3.5
5060,3.5
5061,3.5
5062,3.5
5063,3.5
5064,3.5
5065,3.5
5066,3.5
5067,3.5
5068,3.5
5069,3.5
5070,3.5
5071,3.5
5072,3.5
5073,3.5
5074,3.5
5075,3.5
5076,3.5
5077,3.5
5078,3.5
5079,3.5
5080,3.5
5081,3.5
5082,3.5
5083,3.5
5084,3.5
5085,3.5
5086,3.5
5087,3.5
5088,3.5
5089,3.5
5090,3.5
5091,3.5
5092,3.5
5093,3.5
5094,3.5
5095,3.5
5096,3.5
5097,3.5
5098,3.5
5099,3.5
5100,3.5
5101,3.5
5102,3.5
5103,3.5
5104,3.5
5105,3.5
5106,3.5
5107,3.5
5108,3.5
5109,3.5
5110,3.5
5111,3.5
5112,3.5
5113,3.5
5114,3.5
5115,3.5
5116,3.5
5117,3.5
5118,3.5
5119,3.5
5120,3.5
5121,3.5
5122,3.5
5123,3.5
5124,3.5
5125,3.5
5126,3.5
5127,3.5
5128,3.5
5129,3.5
5130,3.5
5131,3.5
5132,3.5
5133,3.5
5134,3.5
5135,3.5
5136,3.5
5137,3.5
5138,3.5
5139,3.5
5140,3.5
5141,3.5
5142,3.5
5143,3.5
5144,3.5
5145,3.5
5146,3.5
5147,3.5
5148,3.5
5149,3.5
5150,3.5
5151,3.5
5152,3.5
5153,3.5
5154,3.5
5155,3.5
5156,3.5
5157,3.5
5158,3.5
5159,3.5
5160,3.5
5161,3.5
5162,3.5
5163,3.5
5164,3.5
5165,3.5
5166,3.5
5167,3.5
5168,3.5
5169,3.5
5170,3.5
5171,3.5
5172,3.5
5173,3.5
5174,3.5
5175,3.5
5176,3.5
5177,3.5
5178,3.5
5179,3.5
5180,3.5
5181,3.5
5182,3.5
5183,3.5
5184,3.5
5185,3.5
5186,3.5
5187,3.5
5188,3.5
5189,3.5
5190,3.5
5191,3.5
5192,3.5
5193,3.5
5194,3.5
5195,3.5
5196,3.5
5197,3.5
5198,3.5
5199,3.5
5200,3.5
5201,3.5
5202,3.5
5203,3.5
5204,3.5
5205,3.5
5206,3.5
5207,3.5
5208,3.5
5209,3.5
5210,3.5
5211,3.5
5212,3.5
5213,3.5
5214,3.5
5215,3.5
5216,3.5
5217,3.5
5218,3.5
5219,3.5
5220,3.5
5221,3.5
5222,3.5
5223,3.5
5224,3.5
5225,3.5
5226,3.5
5227,3.5
5228,3.5
5229,3.5
5230,3.5
5231,3.5
5232,3.5
5233,3.5
5234,3.5
5235,3.5
5236,3.5
5237,3.5
5238,3.5
5239,3.5
5240,3.5
5241,3.5
5242,3.5
5243,3.5
5244,3.5
5245,3.5
5246,3.5
5247,3.5
5248,3.5
5249,3.5
5250,3.5
5251,3.5
5252,3.5
5253,3.5
5254,3.5
5255,3.5
5256,3.5
5257,3.5
5258,3.5
5259,3.5
5260,3.5
5261,3.5
5262,3.5
5263,3.5
5264,3.5
5265,3.5
5266,3.5
5267,3.5
5268,3.5
5269,3.5
5270,3.5
5271,3.5
5272,3.5
5273,3.5
5274,3.5
5275,3.5
5276,3.5
5277,3.5
5278,3.5
5279,3.5
5280,3.5
5281,3.5
5282,3.5
5283,3.5
5284,3.5
5285,3.5
5286,3.5
5287,3.5
5288,3.5
5289,3.5
5290,3.5
5291,3.5
5292,3.5
5293,3.5
5294,3.5
5295,3.5
5296,3.5
5297,3.5
5298,3.5
5299,3.5
5300,3.5
5301,3.5
5302,3.5
5303,3.5
5304,3.5
5305,3.5
5306,3.5
5307,3.5
5308,3.5
5309,3.5
5310,3.5
5311,3.5
5312,3.5
5313,3.5
5314,3.5
5315,3.5
5316,3.5
5317,3.5
5318,3.5
5319,3.5
5320,3.5
5321,3.5
5322,3.5
5323,3.5
5324,3.5
5325,3.5
5326,3.5
5327,3.5
5328,3.5
5329,3.5
5330,3.5
5331,3.5
5332,3.5
5333,3.5
5334,3.5
5335,3.5
5336,3.5
5337,3.5
5338,3.5
5339,3.5
5340,3.5
5341,3.5
5342,3.5
5343,3.5
5344,3.5
5345,3.5
5346,3.5
5347,3.5
5348,3.5
5349,3.5
5350,3.5
5351,3.5
5352,3.5
5353,3.5
5354,3.5
5355,3.5
5356,3.5
5357,3.5
5358,3.5
5359,3.5
5360,3.5
5361,3.5
5362,3.5
5363,3.5
5364,3.5
5365,3.5
5366,3.5
5367,3.5
5368,3.5
5369,3.5
5370,3.5
5371,3.5
5372,3.5
5373,3.5
5374,3.5
5375,3.5
5376,3.5
5377,3.5
5378,3.5
5379,3.5
5380,3.5
5381,3.5
5382,3.5
5383,3.5
5384,3.5
5385,3.5
5386,3.5
5387,3.5
5388,3.5
5389,3.5
5390,3.5
5391,3.5
5392,3.5
5393,3.5
5394,3.5
5395,3.5
5396,3.5
5397,3.5
5398,3.5
5399,3.5
5400,3.5
5401,3.5
5402,3.5
5403,3.5
5404,3.5
5405,3.5
5406,3.5
5407,3.5
5408,3.5
5409,3.5
5410,3.5
5411,3.5
5412,3.5
5413,3.5
5414,3.5
5415,3.5
5416,3.5
5417,3.5
5418,3.5
5419,3.5
5420,3.5
5421,3.5
5422,3.5
5423,3.5
5424,3.5
5425,3.5
5426,3.5
5427,3.5
5428,3.5
5429,3.5
5430,3.5
5431,3.5
5432,3.5
5433,3.5
5434,3.5
5435,3.5
5436,3.5
5437,3.5
5438,3.5
5439,3.5
5440,3.5
5441,3.5
5442,3.5
5443,3.5
5444,3.5
5445,3.5
5446,3.5
5447,3.5
5448,3.5
5449,3.5
5450,3.5
5451,3.5
5452,3.5
5453,3.5
5454,3.5
5455,3.5
5456,3.5
5457,3.5
5458,3.5
5459,3.5
5460,3.5
5461,3.5
5462,3.5
5463,3.5
5464,3.5
5465,3.5
5466,3.5
5467,3.5
5468,3.5
5469,3.5
5470,3.5
5471,3.5
5472,3.5
5473,3.5
5474,3.5
5475,3.5
5476,3.5
5477,3.5
5478,3.5
5479,3.5
5480,3.5
5481,3.5
5482,3.5
5483,3.5
5484,3.5
5485,3.5
5486,3.5
5487,3.5
5488,3.5
5489,3.5
5490,3.5
5491,3.5
5492,3.5
5493,3.5
5494,3.5
5495,3.5
5496,3.5
5497,3.5
5498,3.5
5499,3.5
5500,3.5
5501,3.5
5502,3.5
5503,3.5
5504,3.5
5505,3.5
5506,3.5
5507,3.5
5508,3.5
5509,3.5
5510,3.5
5511,3.5
5512,3.5
5513,3.5
5514,3.5
5515,3.5
5516,3.5
5517,3.5
5518,3.5
5519,3.5
5520,3.5
5521,3.5
5522,3.5
5523,3.5
5524,3.5
5525,3.5
5526,3.5
5527,3.5
5528,3.5
5529,3.5
5530,3.5
5531,3.5
5532,3.5
5533,3.5
5534,3.5
5535,3.5
5536,3.5
5537,3.5
5538,3.5
5539,3.5
5540,3.5
5541,3.5
5542,3.5
5543,3.5
5544,3.5
5545,3.5
5546,3.5
5547,3.5
5548,3.5
5549,3.5
5550,3.5
5551,3.5
5552,3.5
5553,3.5
5554,3.5
5555,3.5
5556,3.5
5557,3.5
5558,3.5
5559,3.5
5560,3.5
5561,3.5
5562,3.5
5563,3.5
5564,3.5
5565,3.5
5566,3.5
5567,3.5
5568,3.5
5569,3.5
5570,3.5
5571,3.5
5572,3.5
5573,3.5
5574,3.5
5575,3.5
5576,3.5
5577,3.5
5578,3.5
5579,3.5
5580,3.5
5581,3.5
5582,3.5
5583,3.5
5584,3.5
5585,3.5
5586,3.5
5587,3.5
5588,3.5
5589,3.5
5590,3.5
5591,3.5
5592,3.5
5593,3.5
5594,3.5
5595,3.5
5596,3.5
5597,3.5
5598,3.5
5599,3.5
5600,3.5
5601,3.5
5602,3.5
5603,3.5
5604,3.5
5605,3.5
5606,3.5
5607,3.5
5608,3.5
5609,3.5
5610,3.5
5611,3.5
5612,3.5
5613,3.5
5614,3.5
5615,3.5
5616,3.5
5617,3.5
5618,3.5
5619,3.5
5620,3.5
5621,3.5
5622,3.5
5623,3.5
5624,3.5
5625,3.5
5626,3.5
5627,3.5
5628,3.5
5629,3.5
5630,3.5
5631,3.5
5632,3.5
5633,3.5
5634,3.5
5635,3.5
5636,3.5
5637,3.5
5638,3.5
5639,3.5
5640,3.5
5641,3.5
5642,3.5
5643,3.5
5644,3.5
5645,3.5
5646,3.5
5647,3.5
5648,3.5
5649,3.5
5650,3.5
5651,3.5
5652,3.5
5653,3.5
5654,3.5
5655,3.5
5656,3.5
5657,3.5
5658,3.5
5659,3.5
5660,3.5
5661,3.5
5662,3.5
5663,3.5
5664,3.5
5665,3.5
5666,3.5
5667,3.5
5668,3.5
5669,3.5
5670,3.5
5671,3.5
5672,3.5
5673,3.5
5674,3.5
5675,3.5
5676,3.5
5677,3.5
5678,3.5
5679,3.5
5680,3.5
5681,3.5
5682,3.5
5683,3.5
5684,3.5
5685,3.5
5686,3.5
5687,3.5
5688,3.5
5689,3.5
5690,3.5
5691,3.5
5692,3.5
5693,3.5
5694,3.5
5695,3.5
5696,3.5
5697,3.5
5698,3.5
5699,3.5
5700,3.5
5701,3.5
5702,3.5
5703,3.5
5704,3.5
5705,3.5
5706,3.5
5707,3.5
5708,3.5
5709,3.5
5710,3.5
5711,3.5
5712,3.5
5713,3.5
5714,3.5
5715,3.5
5716,3.5
5717,3.5
5718,3.5
5719,3.5
5720,3.5
5721,3.5
5722,3.5
5723,3.5
5724,3.5
5725,3.5
5726,3.5
5727,3.5
5728,3.5
5729,3.5
5730,3.5
5731,3.5
5732,3.5
5733,3.5
5734,3.5
5735,3.5
5736,3.5
5737,3.5
5738,3.5
5739,3.5
5740,3.5
5741,3.5
5742,3.5
5743,3.5
5744,3.5
5745,3.5
5746,3.5
5747,3.5
5748,3.5
5749,3.5
5750,3.5
5751,3.5
5752,3.5
5753,3.5
5754,3.5
5755,3.5
5756,3.5
5757,3.5
5758,3.5
5759,3.5
5760,3.5
5761,3.5
5762,3.5
5763,3.5
5764,3.5
5765,3.5
5766,3.5
5767,3.5
5768,3.5
5769,3.5
5770,3.5
5771,3.5
5772,3.5
5773,3.5
5774,3.5
5775,3.5
5776,3.5
5777,3.5
5778,3.5
5779,3.5
5780,3.5
5781,3.5
5782,3.5
5783,3.5
5784,3.5
5785,3.5
5786,3.5
5787,3.5
5788,3.5
5789,3.5
5790,3.5
5791,3.5
5792,3.5
5793,3.5
5794,3.5
5795,3.5
5796,3.5
5797,3.5
5798,3.5
5799,3.5
5800,3.5
5801,3.5
5802,3.5
5803,3.5
5804,3.5
5805,3.5
5806,3.5
5807,3.5
5808,3.5
5809,3.5
5810,3.5
5811,3.5
5812,3.5
5813,3.5
5814,3.5
5815,3.5
5816,3.5
5817,3.5
5818,3.5
5819,3.5
5820,3.5
5821,3.5
5822,3.5
5823,3.5
5824,3.5
5825,3.5
5826,3.5
5827,3.5
5828,3.5
5829,3.5
5830,3.5
5831,3.5
5832,3.5
5833,3.5
5834,3.5
5835,3.5
5836,3.5
5837,3.5
5838,3.5
5839,3.5
5840,3.5
5841,3.5
5842,3.5
5843,3.5
5844,3.5
5845,3.5
5846,3.5
5847,3.5
5848,3.5
5849,3.5
5850,3.5
5851,3.5
5852,3.5
5853,3.5
5854,3.5
5855,3.5
5856,3.5
5857,3.5
5858,3.5
5859,3.5
5860,3.5
5861,3.5
5862,3.5
5863,3.5
5864,3.5
5865,3.5
5866,3.5
5867,3.5
5868,3.5
5869,3.5
5870,3.5
5871,3.5
5872,3.5
5873,3.5
5874,3.5
5875,3.5
5876,3.5
5877,3.5
5878,3.5
5879,3.5
5880,3.5
5881,3.5
5882,3.5
5883,3.5
5884,3.5
5885,3.5
5886,3.5
5887,3.5
5888,3.5
5889,3.5
5890,3.5
5891,3.5
5892,3.5
5893,3.5
5894,3.5
5895,3.5
5896,3.5
5897,3.5
5898,3.5
5899,3.5
5900,3.5
5901,3.5
5902,3.5
5903,3.5
5904,3.5
5905,3.5
5906,3.5
5907,3.5
5908,3.5
5909,3.5
5910,3.5
5911,3.5
5912,3.5
5913,3.5
5914,3.5
5915,3.5
5916,3.5
5917,3.5
5918,3.5
5919,3.5
5920,3.5
5921,3.5
5922,3.5
5923,3.5
5924,3.5
5925,3.5
5926,3.5
5927,3.5
5928,3.5
5929,3.5
5930,3.5
5931,3.5
5932,3.5
5933,3.5
5934,3.5
5935,3.5
5936,3.5
5937,3.5
5938,3.5
5939,3.5
5940,3.5
5941,3.5
5942,3.5
5943,3.5
5944,3.5
5945,3.5
5946,3.5
5947,3.5
5948,3.5
5949,3.5
5950,3.5
5951,3.5
5952,3.5
5953,3.5
5954,3.5
5955,3.5
5956,3.5
5957,3.5
5958,3.5
5959,3.5
5960,3.5
5961,3.5
5962,3.5
5963,3.5
5964,3.5
5965,3.5
5966,3.5
5967,3.5
5968,3.5
5969,3.5
5970,3.5
5971,3.5
5972,3.5
5973,3.5
5974,3.5
5975,3.5
5976,3.5
5977,3.5
5978,3.5
5979,3.5
5980,3.5
5981,3.5
5982,3.5
5983,3.5
5984,3.5
5985,3.5
5986,3.5
5987,3.5
5988,3.5
5989,3.5
5990,3.5
5991,3.5
5992,3.5
5993,3.5
5994,3.5
5995,3.5
5996,3.5
5997,3.5
5998,3.5
5999,3.5
6000,3.5
6001,3.5
6002,3.5
6003,3.5
6004,3.5
6005,3.5
6006,3.5
6007,3.5
6008,3.5
6009,3.5
6010,3.5
6011,3.5
6012,3.5
6013,3.5
6014,3.5
6015,3.5
6016,3.5
6017,3.5
6018,3.5
6019,3.5
6020,3.5
6021,3.5
6022,3.5
6023,3.5
6024,3.5
6025,3.5
6026,3.5
6027,3.5
6028,3.5
6029,3.5
6030,3.5
6031,3.5
6032,3.5
6033,3.5
6034,3.5
6035,3.5
6036,3.5
6037,3.5
6038,3.5
6039,3.5
6040,3.5
6041,3.5
6042,3.5
6043,3.5
6044,3.5
6045,3.5
6046,3.5
6047,3.5
6048,3.5
6049,3.5
6050,3.5
6051,3.5
6052,3.5
6053,3.5
6054,3.5
6055,3.5
6056,3.5
6057,3.5
6058,3.5
6059,3.5
6060,3.5
6061,3.5
6062,3.5
6063,3.5
6064,3.5
6065,3.5
6066,3.5
6067,3.5
6068,3.5
6069,3.5
6070,3.5
6071,3.5
6072,3.5
6073,3.5
6074,3.5
6075,3.5
6076,3.5
6077,3.5
6078,3.5
6079,3.5
6080,3.5
6081,3.5
6082,3.5
6083,3.5
6084,3.5
6085,3.5
6086,3.5
6087,3.5
6088,3.5
6089,3.5
6090,3.5
6091,3.5
6092,3.5
6093,3.5
6094,3.5
6095,3.5
6096,3.5
6097,3.5
6098,3.5
6099,3.5
6100,3.5
6101,3.5
6102,3.5
6103,3.5
6104,3.5
6105,3.5
6106,3.5
6107,3.5
6108,3.5
6109,3.5
6110,3.5
6111,3.5
6112,3.5
6113,3.5
6114,3.5
6115,3.5
6116,3.5
6117,3.5
6118,3.5
6119,3.5
6120,3.5
6121,3.5
6122,3.5
6123,3.5
6124,3.5
6125,3.5
6126,3.5
6127,3.5
6128,3.5
6129,3.5
6130,3.5
6131,3.5
6132,3.5
6133,3.5
6134,3.5
6135,3.5
6136,3.5
6137,3.5
6138,3.5
6139,3.5
6140,3.5
6141,3.5
6142,3.5
6143,3.5
6144,3.5
6145,3.5
6146,3.5
6147,3.5
6148,3.5
6149,3.5
6150,3.5
6151,3.5
6152,3.5
6153,3.5
6154,3.5
6155,3.5
6156,3.5
6157,3.5
6158,3.5
6159,3.5
6160,3.5
6161,3.5
6162,3.5
6163,3.5
6164,3.5
6165,3.5
6166,3.5
6167,3.5
6168,3.5
6169,3.5
6170,3.5
6171,3.5
6172,3.5
6173,3.5
6174,3.5
6175,3.5
6176,3.5
6177,3.5
6178,3.5
6179,3.5
6180,3.5
6181,3.5
6182,3.5
6183,3.5
6184,3.5
6185,3.5
6186,3.5
6187,3.5
6188,3.5
6189,3.5
6190,3.5
6191,3.5
6192,3.5
6193,3.5
6194,3.5
6195,3.5
6196,3.5
6197,3.5
6198,3.5
6199,3.5
6200,3.5
6201,3.5
6202,3.5
6203,3.5
6204,3.5
6205,3.5
6206,3.5
6207,3.5
6208,3.5
6209,3.5
6210,3.5
6211,3.5
6212,3.5
6213,3.5
6214,3.5
6215,3.5
6216,3.5
6217,3.5
6218,3.5
6219,3.5
6220,3.5
6221,3.5
6222,3.5
6223,3.5
6224,3.5
6225,3.5
6226,3.5
6227,3.5
6228,3.5
6229,3.5
6230,3.5
6231,3.5
6232,3.5
6233,3.5
6234,3.5
6235,3.5
6236,3.5
6237,3.5
6238,3.5
6239,3.5
6240,3.5
6241,3.5
6242,3.5
6243,3.5
6244,3.5
6245,3.5
6246,3.5
6247,3.5
6248,3.5
6249,3.5
6250,3.5
6251,3.5
6252,3.5
6253,3.5
6254,3.5
6255,3.5
6256,3.5
6257,3.5
6258,3.5
6259,3.5
6260,3.5
6261,3.5
6262,3.5
6263,3.5
6264,3.5
6265,3.5
6266,3.5
6267,3.5
6268,3.5
6269,3.5
6270,3.5
6271,3.5
6272,3.5
6273,3.5
6274,3.5
6275,3.5
6276,3.5
6277,3.5
6278,3.5
6279,3.5
6280,3.5
6281,3.5
6282,3.5
6283,3.5
6284,3.5
6285,3.5
6286,3.5
6287,3.5
6288,3.5
6289,3.5
6290,3.5
6291,3.5
6292,3.5
6293,3.5
6294,3.5
6295,3.5
6296,3.5
6297,3.5
6298,3.5
6299,3.5
6300,3.5
6301,3.5
6302,3.5
6303,3.5
6304,3.5
6305,3.5
6306,3.5
6307,3.5
6308,3.5
6309,3.5
6310,3.5
6311,3.5
6312,3.5
6313,3.5
6314,3.5
6315,3.5
6316,3.5
6317,3.5
6318,3.5
6319,3.5
6320,3.5
6321,3.5
6322,3.5
6323,3.5
6324,3.5
6325,3.5
6326,3.5
6327,3.5
6328,3.5
6329,3.5
6330,3.5
6331,3.5
6332,3.5
6333,3.5
6334,3.5
6335,3.5
6336,3.5
6337,3.5
6338,3.5
6339,3.5
6340,3.5
6341,3.5
6342,3.5
6343,3.5
6344,3.5
6345,3.5
6346,3.5
6347,3.5
6348,3.5
6349,3.5
6350,3.5
6351,3.5
6352,3.5
6353,3.5
6354,3.5
6355,3.5
6356,3.5
6357,3.5
6358,3.5
6359,3.5
6360,3.5
6361,3.5
6362,3.5
6363,3.5
6364,3.5
6365,3.5
6366,3.5
6367,3.5
6368,3.5
6369,3.5
6370,3.5
6371,3.5
6372,3.5
6373,3.5
6374,3.5
6375,3.5
6376,3.5
6377,3.5
6378,3.5
6379,3.5
6380,3.5
6381,3.5
6382,3.5
6383,3.5
6384,3.5
6385,3.5
6386,3.5
6387,3.5
6388,3.5
6389,3.5
6390,3.5
6391,3.5
6392,3.5
6393,3.5
6394,3.5
6395,3.5
6396,3.5
6397,3.5
6398,3.5
6399,3.5
6400,3.5
6401,3.5
6402,3.5
6403,3.5
6404,3.5
6405,3.5
6406,3.5
6407,3.5
6408,3.5
6409,3.5
6410,3.5
6411,3.5
6412,3.5
6413,3.5
6414,3.5
6415,3.5
6416,3.5
6417,3.5
6418,3.5
6419,3.5
6420,3.5
6421,3.5
6422,3.5
6423,3.5
6424,3.5
6425,3.5
6426,3.5
6427,3.5
6428,3.5
6429,3.5
6430,3.5
6431,3.5
6432,3.5
6433,3.5
6434,3.5
6435,3.5
6436,3.5
6437,3.5
6438,3.5
6439,3.5
6440,3.5
6441,3.5
6442,3.5
6443,3.5
6444,3.5
6445,3.5
6446,3.5
6447,3.5
6448,3.5
6449,3.5
6450,3.5
6451,3.5
6452,3.5
6453,3.5
6454,3.5
6455,3.5
6456,3.5
6457,3.5
6458,3.5
6459,3.5
6460,3.5
6461,3.5
6462,3.5
6463,3.5
6464,3.5
6465,3.5
6466,3.5
6467,3.5
6468,3.5
6469,3.5
6470,3.5
6471,3.5
6472,3.5
6473,3.5
6474,3.5
6475,3.5
6476,3.5
6477,3.5
6478,3.5
6479,3.5
6480,3.5
6481,3.5
6482,3.5
6483,3.5
6484,3.5
6485,3.5
6486,3.5
6487,3.5
6488,3.5
6489,3.5
6490,3.5
6491,3.5
6492,3.5
6493,3.5
6494,3.5
6495,3.5
6496,3.5
6497,3.5
6498,3.5
6499,3.5
6500,3.5
6501,3.5
6502,3.5
6503,3.5
6504,3.5
6505,3.5
6506,3.5
6507,3.5
6508,3.5
6509,3.5
6510,3.5
6511,3.5
6512,3.5
6513,3.5
6514,3.5
6515,3.5
6516,3.5
6517,3.5
6518,3.5
6519,3.5
6520,3.5
6521,3.5
6522,3.5
6523,3.5
6524,3.5
6525,3.5
6526,3.5
6527,3.5
6528,3.5
6529,3.5
6530,3.5
6531,3.5
6532,3.5
6533,3.5
6534,3.5
6535,3.5
6536,3.5
6537,3.5
6538,3.5
6539,3.5
6540,3.5
6541,3.5
6542,3.5
6543,3.5
6544,3.5
6545,3.5
6546,3.5
6547,3.5
6548,3.5
6549,3.5
6550,3.5
6551,3.5
6552,3.5
6553,3.5
6554,3.5
6555,3.5
6556,3.5
6557,3.5
6558,3.5
6559,3.5
6560,3.5
6561,3.5
6562,3.5
6563,3.5
6564,3.5
6565,3.5
6566,3.5
6567,3.5
6568,3.5
6569,3.5
6570,3.5
6571,3.5
6572,3.5
6573,3.5
6574,3.5
6575,3.5
6576,3.5
6577,3.5
6578,3.5
6579,3.5
6580,3.5
6581,3.5
6582,3.5
6583,3.5
6584,3.5
6585,3.5
6586,3.5
6587,3.5
6588,3.5
6589,3.5
6590,3.5
6591,3.5
6592,3.5
6593,3.5
6594,3.5
6595,3.5
6596,3.5
6597,3.5
6598,3.5
6599,3.5
6600,3.5
6601,3.5
6602,3.5
6603,3.5
6604,3.5
6605,3.5
6606,3.5
6607,3.5
6608,3.5
6609,3.5
6610,3.5
6611,3.5
6612,3.5
6613,3.5
6614,3.5
6615,3.5
6616,3.5
6617,3.5
6618,3.5
6619,3.5
6620,3.5
6621,3.5
6622,3.5
6623,3.5
6624,3.5
6625,3.5
6626,3.5
6627,3.5
6628,3.5
6629,3.5
6630,3.5
6631,3.5
6632,3.5
6633,3.5
6634,3.5
6635,3.5
6636,3.5
6637,3.5
6638,3.5
6639,3.5
6640,3.5
6641,3.5
6642,3.5
6643,3.5
6644,3.5
6645,3.5
6646,3.5
6647,3.5
6648,3.5
6649,3.5
6650,3.5
6651,3.5
6652,3.5
6653,3.5
6654,3.5
6655,3.5
6656,3.5
6657,3.5
6658,3.5
6659,3.5
6660,3.5
6661,3.5
6662,3.5
6663,3.5
6664,3.5
6665,3.5
6666,3.5
6667,3.5
6668,3.5
6669,3.5
6670,3.5
6671,3.5
6672,3.5
6673,3.5
6674,3.5
6675,3.5
6676,3.5
6677,3.5
6678,3.5
6679,3.5
6680,3.5
6681,3.5
6682,3.5
6683,3.5
6684,3.5
6685,3.5
6686,3.5
6687,3.5
6688,3.5
6689,3.5
6690,3.5
6691,3.5
6692,3.5
6693,3.5
6694,3.5
6695,3.5
6696,3.5
6697,3.5
6698,3.5
6699,3.5
6700,3.5
6701,3.5
6702,3.5
6703,3.5
6704,3.5
6705,3.5
6706,3.5
6707,3.5
6708,3.5
6709,3.5
6710,3.5
6711,3.5
6712,3.5
6713,3.5
6714,3.5
6715,3.5
6716,3.5
6717,3.5
6718,3.5
6719,3.5
6720,3.5
6721,3.5
6722,3.5
6723,3.5
6724,3.5
6725,3.5
6726,3.5
6727,3.5
6728,3.5
6729,3.5
6730,3.5
6731,3.5
6732,3.5
6733,3.5
6734,3.5
6735,3.5
6736,3.5
6737,3.5
6738,3.5
6739,3.5
6740,3.5
6741,3.5
6742,3.5
6743,3.5
6744,3.5
6745,3.5
6746,3.5
6747,3.5
6748,3.5
6749,3.5
6750,3.5
6751,3.5
6752,3.5
6753,3.5
6754,3.5
6755,3.5
6756,3.5
6757,3.5
6758,3.5
6759,3.5
6760,3.5
6761,3.5
6762,3.5
6763,3.5
6764,3.5
6765,3.5
6766,3.5
6767,3.5
6768,3.5
6769,3.5
6770,3.5
6771,3.5
6772,3.5
6773,3.5
6774,3.5
6775,3.5
6776,3.5
6777,3.5
6778,3.5
6779,3.5
6780,3.5
6781,3.5
6782,3.5
6783,3.5
6784,3.5
6785,3.5
6786,3.5
6787,3.5
6788,3.5
6789,3.5
6790,3.5
6791,3.5
6792,3.5
6793,3.5
6794,3.5
6795,3.5
6796,3.5
6797,3.5
6798,3.5
6799,3.5
6800,3.5
6801,3.5
6802,3.5
6803,3.5
6804,3.5
6805,3.5
6806,3.5
6807,3.5
6808,3.5
6809,3.5
6810,3.5
6811,3.5
6812,3.5
6813,3.5
6814,3.5
6815,3.5
6816,3.5
6817,3.5
6818,3.5
6819,3.5
6820,3.5
6821,3.5
6822,3.5
6823,3.5
6824,3.5
6825,3.5
6826,3.5
6827,3.5
6828,3.5
6829,3.5
6830,3.5
6831,3.5
6832,3.5
6833,3.5
6834,3.5
6835,3.5
6836,3.5
6837,3.5
6838,3.5
6839,3.5
6840,3.5
6841,3.5
6842,3.5
6843,3.5
6844,3.5
6845,3.5
6846,3.5
6847,3.5
6848,3.5
6849,3.5
6850,3.5
6851,3.5
6852,3.5
6853,3.5
6854,3.5
6855,3.5
6856,3.5
6857,3.5
6858,3.5
6859,3.5
6860,3.5
6861,3.5
6862,3.5
6863,3.5
6864,3.5
6865,3.5
6866,3.5
6867,3.5
6868,3.5
6869,3.5
6870,3.5
6871,3.5
6872,3.5
6873,3.5
6874,3.5
6875,3.5
6876,3.5
6877,3.5
6878,3.5
6879,3.5
6880,3.5
6881,3.5
6882,3.5
6883,3.5
6884,3.5
6885,3.5
6886,3.5
6887,3.5
6888,3.5
6889,3.5
6890,3.5
6891,3.5
6892,3.5
6893,3.5
6894,3.5
6895,3.5
6896,3.5
6897,3.5
6898,3.5
6899,3.5
6900,3.5
6901,3.5
6902,3.5
6903,3.5
6904,3.5
6905,3.5
6906,3.5
6907,3.5
6908,3.5
6909,3.5
6910,3.5
6911,3.5
6912,3.5
6913,3.5
6914,3.5
6915,3.5
6916,3.5
6917,3.5
6918,3.5
6919,3.5
6920,3.5
6921,3.5
6922,3.5
6923,3.5
6924,3.5
6925,3.5
6926,3.5
6927,3.5
6928,3.5
6929,3.5
6930,3.5
6931,3.5
6932,3.5
6933,3.5
6934,3.5
6935,3.5
6936,3.5
6937,3.5
6938,3.5
6939,3.5
6940,3.5
6941,3.5
6942,3.5
6943,3.5
6944,3.5
6945,3.5
6946,3.5
6947,3.5
6948,3.5
6949,3.5
6950,3.5
6951,3.5
6952,3.5
6953,3.5
6954,3.5
6955,3.5
6956,3.5
6957,3.5
6958,3.5
6959,3.5
6960,3.5
6961,3.5
6962,3.5
6963,3.5
6964,3.5
6965,3.5
6966,3.5
6967,3.5
6968,3.5
6969,3.5
6970,3.5
6971,3.5
6972,3.5
6973,3.5
6974,3.5
6975,3.5
6976,3.5
6977,3.5
6978,3.5
6979,3.5
6980,3.5
6981,3.5
6982,3.5
6983,3.5
6984,3.5
6985,3.5
6986,3.5
6987,3.5
6988,3.5
6989,3.5
6990,3.5
6991,3.5
6992,3.5
6993,3.5
6994,3.5
6995,3.5
6996,3.5
6997,3.5
6998,3.5
6999,3.5
7000,3.5
7001,3.5
7002,3.5
7003,3.5
7004,3.5
7005,3.5
7006,3.5
7007,3.5
7008,3.5
7009,3.5
7010,3.5
7011,3.5
7012,3.5
7013,3.5
7014,3.5
7015,3.5
7016,3.5
7017,3.5
7018,3.5
7019,3.5
7020,3.5
7021,3.5
7022,3.5
7023,3.5
7024,3.5
7025,3.5
7026,3.5
7027,3.5
7028,3.5
7029,3.5
7030,3.5
7031,3.5
7032,3.5
7033,3.5
7034,3.5
7035,3.5
7036,3.5
7037,3.5
7038,3.5
7039,3.5
7040,3.5
7041,3.5
7042,3.5
7043,3.5
7044,3.5
7045,3.5
7046,3.5
7047,3.5
7048,3.5
7049,3.5
7050,3.5
7051,3.5
7052,3.5
7053,3.5
7054,3.5
7055,3.5
7056,3.5
7057,3.5
7058,3.5
7059,3.5
7060,3.5
7061,3.5
7062,3.5
7063,3.5
7064,3.5
7065,3.5
7066,3.5
7067,3.5
7068,3.5
7069,3.5
7070,3.5
7071,3.5
7072,3.5
7073,3.5
7074,3.5
7075,3.5
7076,3.5
7077,3.5
7078,3.5
7079,3.5
7080,3.5
7081,3.5
7082,3.5
7083,3.5
7084,3.5
7085,3.5
7086,3.5
7087,3.5
7088,3.5
7089,3.5
7090,3.5
7091,3.5
7092,3.5
7093,3.5
7094,3.5
7095,3.5
7096,3.5
7097,3.5
7098,3.5
7099,3.5
7100,3.5
7101,3.5
7102,3.5
7103,3.5
7104,3.5
7105,3.5
7106,3.5
7107,3.5
7108,3.5
7109,3.5
7110,3.5
7111,3.5
7112,3.5
7113,3.5
7114,3.5
7115,3.5
7116,3.5
7117,3.5
7118,3.5
7119,3.5
7120,3.5
7121,3.5
7122,3.5
7123,3.5
7124,3.5
7125,3.5
7126,3.5
7127,3.5
7128,3.5
7129,3.5
7130,3.5
7131,3.5
7132,3.5
7133,3.5
7134,3.5
7135,3.5
7136,3.5
7137,3.5
7138,3.5
7139,3.5
7140,3.5
7141,3.5
7142,3.5
7143,3.5
7144,3.5
7145,3.5
7146,3.5
7147,3.5
7148,3.5
7149,3.5
7150,3.5
7151,3.5
7152,3.5
7153,3.5
7154,3.5
7155,3.5
7156,3.5
7157,3.5
7158,3.5
7159,3.5
7160,3.5
7161,3.5
7162,3.5
7163,3.5
7164,3.5
7165,3.5
7166,3.5
7167,3.5
7168,3.5
7169,3.5
7170,3.5
7171,3.5
7172,3.5
7173,3.5
7174,3.5
7175,3.5
7176,3.5
7177,3.5
7178,3.5
7179,3.5
7180,3.5
7181,3.5
7182,3.5
7183,3.5
7184,3.5
7185,3.5
7186,3.5
7187,3.5
7188,3.5
7189,3.5
7190,3.5
7191,3.5
7192,3.5
7193,3.5
7194,3.5
7195,3.5
7196,3.5
7197,3.5
7198,3.5
7199,3.5
7200,3.5
7201,3.5
7202,3.5
7203,3.5
7204,3.5
7205,3.5
7206,3.5
7207,3.5
7208,3.5
7209,3.5
7210,3.5
7211,3.5
7212,3.5
7213,3.5
7214,3.5
7215,3.5
7216,3.5
7217,3.5
7218,3.5
7219,3.5
7220,3.5
7221,3.5
7222,3.5
7223,3.5
7224,3.5
7225,3.5
7226,3.5
7227,3.5
7228,3.5
7229,3.5
7230,3.5
7231,3.5
7232,3.5
7233,3.5
7234,3.5
7235,3.5
7236,3.5
7237,3.5
7238,3.5
7239,3.5
7240,3.5
7241,3.5
7242,3.5
7243,3.5
7244,3.5
7245,3.5
7246,3.5
7247,3.5
7248,3.5
7249,3.5
7250,3.5
7251,3.5
7252,3.5
7253,3.5
7254,3.5
7255,3.5
7256,3.5
7257,3.5
7258,3.5
7259,3.5
7260,3.5
7261,3.5
7262,3.5
7263,3.5
7264,3.5
7265,3.5
7266,3.5
7267,3.5
7268,3.5
7269,3.5
7270,3.5
7271,3.5
7272,3.5
7273,3.5
7274,3.5
7275,3.5
7276,3.5
7277,3.5
7278,3.5
7279,3.5
7280,3.5
7281,3.5
7282,3.5
7283,3.5
7284,3.5
7285,3.5
7286,3.5
7287,3.5
7288,3.5
7289,3.5
7290,3.5
7291,3.5
7292,3.5
7293,3.5
7294,3.5
7295,3.5
7296,3.5
7297,3.5
7298,3.5
7299,3.5
7300,3.5
7301,3.5
7302,3.5
7303,3.5
7304,3.5
7305,3.5
7306,3.5
7307,3.5
7308,3.5
7309,3.5
7310,3.5
7311,3.5
7312,3.5
7313,3.5
7314,3.5
7315,3.5
7316,3.5
7317,3.5
7318,3.5
7319,3.5
7320,3.5
7321,3.5
7322,3.5
7323,3.5
7324,3.5
7325,3.5
7326,3.5
7327,3.5
7328,3.5
7329,3.5
7330,3.5
7331,3.5
7332,3.5
7333,3.5
7334,3.5
7335,3.5
7336,3.5
7337,3.5
7338,3.5
7339,3.5
7340,3.5
7341,3.5
7342,3.5
7343,3.5
7344,3.5
7345,3.5
7346,3.5
7347,3.5
7348,3.5
7349,3.5
7350,3.5
7351,3.5
7352,3.5
7353,3.5
7354,3.5
7355,3.5
7356,3.5
7357,3.5
7358,3.5
7359,3.5
7360,3.5
7361,3.5
7362,3.5
7363,3.5
7364,3.5
7365,3.5
7366,3.5
7367,3.5
7368,3.5
7369,3.5
7370,3.5
7371,3.5
7372,3.5
7373,3.5
7374,3.5
7375,3.5
7376,3.5
7377,3.5
7378,3.5
7379,3.5
7380,3.5
7381,3.5
7382,3.5
7383,3.5
7384,3.5
7385,3.5
7386,3.5
7387,3.5
7388,3.5
7389,3.5
7390,3.5
7391,3.5
7392,3.5
7393,3.5
7394,3.5
7395,3.5
7396,3.5
7397,3.5
7398,3.5
7399,3.5
7400,3.5
7401,3.5
7402,3.5
7403,3.5
7404,3.5
7405,3.5
7406,3.5
7407,3.5
7408,3.5
7409,3.5
7410,3.5
7411,3.5
7412,3.5
7413,3.5
7414,3.5
7415,3.5
7416,3.5
7417,3.5
7418,3.5
7419,3.5
7420,3.5
7421,3.5
7422,3.5
7423,3.5
7424,3.5
7425,3.5
7426,3.5
7427,3.5
7428,3.5
7429,3.5
7430,3.5
7431,3.5
7432,3.5
7433,3.5
7434,3.5
7435,3.5
7436,3.5
7437,3.5
7438,3.5
7439,3.5
7440,3.5
7441,3.5
7442,3.5
7443,3.5
7444,3.5
7445,3.5
7446,3.5
7447,3.5
7448,3.5
7449,3.5
7450,3.5
7451,3.5
7452,3.5
7453,3.5
7454,3.5
7455,3.5
7456,3.5
7457,3.5
7458,3.5
7459,3.5
7460,3.5
7461,3.5
7462,3.5
7463,3.5
7464,3.5
7465,3.5
7466,3.5
7467,3.5
7468,3.5
7469,3.5
7470,3.5
7471,3.5
7472,3.5
7473,3.5
7474,3.5
7475,3.5
7476,3.5
7477,3.5
7478,3.5
7479,3.5
7480,3.5
7481,3.5
7482,3.5
7483,3.5
7484,3.5
7485,3.5
7486,3.5
7487,3.5
7488,3.5
7489,3.5
7490,3.5
7491,3.5
7492,3.5
7493,3.5
7494,3.5
7495,3.5
7496,3.5
7497,3.5
7498,3.5
7499,3.5
7500,3.5
7501,3.5
7502,3.5
7503,3.5
7504,3.5
7505,3.5
7506,3.5
7507,3.5
7508,3.5
7509,3.5
7510,3.5
7511,3.5
7512,3.5
7513,3.5
7514,3.5
7515,3.5
7516,3.5
7517,3.5
7518,3.5
7519,3.5
7520,3.5
7521,3.5
7522,3.5
7523,3.5
7524,3.5
7525,3.5
7526,3.5
7527,3.5
7528,3.5
7529,3.5
7530,3.5
7531,3.5
7532,3.5
7533,3.5
7534,3.5
7535,3.5
7536,3.5
7537,3.5
7538,3.5
7539,3.5
7540,3.5
7541,3.5
7542,3.5
7543,3.5
7544,3.5
7545,3.5
7546,3.5
7547,3.5
7548,3.5
7549,3.5
7550,3.5
7551,3.5
7552,3.5
7553,3.5
7554,3.5
7555,3.5
7556,3.5
7557,3.5
7558,3.5
7559,3.5
7560,3.5
7561,3.5
7562,3.5
7563,3.5
7564,3.5
7565,3.5
7566,3.5
7567,3.5
7568,3.5
7569,3.5
7570,3.5
7571,3.5
7572,3.5
7573,3.5
7574,3.5
7575,3.5
7576,3.5
7577,3.5
7578,3.5
7579,3.5
7580,3.5
7581,3.5
7582,3.5
7583,3.5
7584,3.5
7585,3.5
7586,3.5
7587,3.5
7588,3.5
7589,3.5
7590,3.5
7591,3.5
7592,3.5
7593,3.5
7594,3.5
7595,3.5
7596,3.5
7597,3.5
7598,3.5
7599,3.5
7600,3.5
7601,3.5
7602,3.5
7603,3.5
7604,3.5
7605,3.5
7606,3.5
7607,3.5
7608,3.5
7609,3.5
7610,3.5
7611,3.5
7612,3.5
7613,3.5
7614,3.5
7615,3.5
7616,3.5
7617,3.5
7618,3.5
7619,3.5
7620,3.5
7621,3.5
7622,3.5
7623,3.5
7624,3.5
7625,3.5
7626,3.5
7627,3.5
7628,3.5
7629,3.5
7630,3.5
7631,3.5
7632,3.5
7633,3.5
7634,3.5
7635,3.5
7636,3.5
7637,3.5
7638,3.5
7639,3.5
7640,3.5
7641,3.5
7642,3.5
7643,3.5
7644,3.5
7645,3.5
7646,3.5
7647,3.5
7648,3.5
7649,3.5
7650,3.5
7651,3.5
7652,3.5
7653,3.5
7654,3.5
7655,3.5
7656,3.5
7657,3.5
7658,3.5
7659,3.5
7660,3.5
7661,3.5
7662,3.5
7663,3.5
7664,3.5
7665,3.5
7666,3.5
7667,3.5
7668,3.5
7669,3.5
7670,3.5
7671,3.5
7672,3.5
7673,3.5
7674,3.5
7675,3.5
7676,3.5
7677,3.5
7678,3.5
7679,3.5
7680,3.5
7681,3.5
7682,3.5
7683,3.5
7684,3.5
7685,3.5
7686,3.5
7687,3.5
7688,3.5
7689,3.5
7690,3.5
7691,3.5
7692,3.5
7693,3.5
7694,3.5
7695,3.5
7696,3.5
7697,3.5
7698,3.5
7699,3.5
7700,3.5
7701,3.5
7702,3.5
7703,3.5
7704,3.5
7705,3.5
7706,3.5
7707,3.5
7708,3.5
7709,3.5
7710,3.5
7711,3.5
7712,3.5
7713,3.5
7714,3.5
7715,3.5
7716,3.5
7717,3.5
7718,3.5
7719,3.5
7720,3.5
7721,3.5
7722,3.5
7723,3.5
7724,3.5
7725,3.5
7726,3.5
7727,3.5
7728,3.5
7729,3.5
7730,3.5
7731,3.5
7732,3.5
7733,3.5
7734,3.5
7735,3.5
7736,3.5
7737,3.5
7738,3.5
7739,3.5
7740,3.5
7741,3.5
7742,3.5
7743,3.5
7744,3.5
7745,3.5
7746,3.5
7747,3.5
7748,3.5
7749,3.5
7750,3.5
7751,3.5
7752,3.5
7753,3.5
7754,3.5
7755,3.5
7756,3.5
7757,3.5
7758,3.5
7759,3.5
7760,3.5
7761,3.5
7762,3.5
7763,3.5
7764,3.5
7765,3.5
7766,3.5
7767,3.5
7768,3.5
7769,3.5
7770,3.5
7771,3.5
7772,3.5
7773,3.5
7774,3.5
7775,3.5
7776,3.5
7777,3.5
7778,3.5
7779,3.5
7780,3.5
7781,3.5
7782,3.5
7783,3.5
7784,3.5
7785,3.5
7786,3.5
7787,3.5
7788,3.5
7789,3.5
7790,3.5
7791,3.5
7792,3.5
7793,3.5
7794,3.5
7795,3.5
7796,3.5
7797,3.5
7798,3.5
7799,3.5
7800,3.5
7801,3.5
7802,3.5
7803,3.5
7804,3.5
7805,3.5
7806,3.5
7807,3.5
7808,3.5
7809,3.5
7810,3.5
7811,3.5
7812,3.5
7813,3.5
7814,3.5
7815,3.5
7816,3.5
7817,3.5
7818,3.5
7819,3.5
7820,3.5
7821,3.5
7822,3.5
7823,3.5
7824,3.5
7825,3.5
7826,3.5
7827,3.5
7828,3.5
7829,3.5
7830,3.5
7831,3.5
7832,3.5
7833,3.5
7834,3.5
7835,3.5
7836,3.5
7837,3.5
7838,3.5
7839,3.5
7840,3.5
7841,3.5
7842,3.5
7843,3.5
7844,3.5
7845,3.5
7846,3.5
7847,3.5
7848,3.5
7849,3.5
7850,3.5
7851,3.5
7852,3.5
7853,3.5
7854,3.5
7855,3.5
7856,3.5
7857,3.5
7858,3.5
7859,3.5
7860,3.5
7861,3.5
7862,3.5
7863,3.5
7864,3.5
7865,3.5
7866,3.5
7867,3.5
7868,3.5
7869,3.5
7870,3.5
7871,3.5
7872,3.5
7873,3.5
7874,3.5
7875,3.5
7876,3.5
7877,3.5
7878,3.5
7879,3.5
7880,3.5
7881,3.5
7882,3.5
7883,3.5
7884,3.5
7885,3.5
7886,3.5
7887,3.5
7888,3.5
7889,3.5
7890,3.5
7891,3.5
7892,3.5
7893,3.5
7894,3.5
7895,3.5
7896,3.5
7897,3.5
7898,3.5
7899,3.5
7900,3.5
7901,3.5
7902,3.5
7903,3.5
7904,3.5
7905,3.5
7906,3.5
7907,3.5
7908,3.5
7909,3.5
7910,3.5
7911,3.5
7912,3.5
7913,3.5
7914,3.5
7915,3.5
7916,3.5
7917,3.5
7918,3.5
7919,3.5
7920,3.5
7921,3.5
7922,3.5
7923,3.5
7924,3.5
7925,3.5
7926,3.5
7927,3.5
7928,3.5
7929,3.5
7930,3.5
7931,3.5
7932,3.5
7933,3.5
7934,3.5
7935,3.5
7936,3.5
7937,3.5
7938,3.5
7939,3.5
7940,3.5
7941,3.5
7942,3.5
7943,3.5
7944,3.5
7945,3.5
7946,3.5
7947,3.5
7948,3.5
7949,3.5
7950,3.5
7951,3.5
7952,3.5
7953,3.5
7954,3.5
7955,3.5
7956,3.5
7957,3.5
7958,3.5
7959,3.5
7960,3.5
7961,3.5
7962,3.5
7963,3.5
7964,3.5
7965,3.5
7966,3.5
7967,3.5
7968,3.5
7969,3.5
7970,3.5
7971,3.5
7972,3.5
7973,3.5
7974,3.5
7975,3.5
7976,3.5
7977,3.5
7978,3.5
7979,3.5
7980,3.5
7981,3.5
7982,3.5
7983,3.5
7984,3.5
7985,3.5
7986,3.5
7987,3.5
7988,3.5
7989,3.5
7990,3.5
7991,3.5
7992,3.5
7993,3.5
7994,3.5
7995,3.5
7996,3.5
7997,3.5
7998,3.5
7999,3.5
8000,3.5
8001,3.5
8002,3.5
8003,3.5
8004,3.5
8005,3.5
8006,3.5
8007,3.5
8008,3.5
8009,3.5
8010,3.5
8011,3.5
8012,3.5
8013,3.5
8014,3.5
8015,3.5
8016,3.5
8017,3.5
8018,3.5
8019,3.5
8020,3.5
8021,3.5
8022,3.5
8023,3.5
8024,3.5
8025,3.5
8026,3.5
8027,3.5
8028,3.5
8029,3.5
8030,3.5
8031,3.5
8032,3.5
8033,3.5
8034,3.5
8035,3.5
8036,3.5
8037,3.5
8038,3.5
8039,3.5
8040,3.5
8041,3.5
8042,3.5
8043,3.5
8044,3.5
8045,3.5
8046,3.5
8047,3.5
8048,3.5
8049,3.5
8050,3.5
8051,3.5
8052,3.5
8053,3.5
8054,3.5
8055,3.5
8056,3.5
8057,3.5
8058,3.5
8059,3.5
8060,3.5
8061,3.5
8062,3.5
8063,3.5
8064,3.5
8065,3.5
8066,3.5
8067,3.5
8068,3.5
8069,3.5
8070,3.5
8071,3.5
8072,3.5
8073,3.5
8074,3.5
8075,3.5
8076,3.5
8077,3.5
8078,3.5
8079,3.5
8080,3.5
8081,3.5
8082,3.5
8083,3.5
8084,3.5
8085,3.5
8086,3.5
8087,3.5
8088,3.5
8089,3.5
8090,3.5
8091,3.5
8092,3.5
8093,3.5
8094,3.5
8095,3.5
8096,3.5
8097,3.5
8098,3.5
8099,3.5
8100,3.5
8101,3.5
8102,3.5
8103,3.5
8104,3.5
8105,3.5
8106,3.5
8107,3.5
8108,3.5
8109,3.5
8110,3.5
8111,3.5
8112,3.5
8113,3.5
8114,3.5
8115,3.5
8116,3.5
8117,3.5
8118,3.5
8119,3.5
8120,3.5
8121,3.5
8122,3.5
8123,3.5
8124,3.5
8125,3.5
8126,3.5
8127,3.5
8128,3.5
8129,3.5
8130,3.5
8131,3.5
8132,3.5
8133,3.5
8134,3.5
8135,3.5
8136,3.5
8137,3.5
8138,3.5
8139,3.5
8140,3.5
8141,3.5
8142,3.5
8143,3.5
8144,3.5
8145,3.5
8146,3.5
8147,3.5
8148,3.5
8149,3.5
8150,3.5
8151,3.5
8152,3.5
8153,3.5
8154,3.5
8155,3.5
8156,3.5
8157,3.5
8158,3.5
8159,3.5
8160,3.5
8161,3.5
8162,3.5
8163,3.5
8164,3.5
8165,3.5
8166,3.5
8167,3.5
8168,3.5
8169,3.5
8170,3.5
8171,3.5
8172,3.5
8173,3.5
8174,3.5
8175,3.5
8176,3.5
8177,3.5
8178,3.5
8179,3.5
8180,3.5
8181,3.5
8182,3.5
8183,3.5
8184,3.5
8185,3.5
8186,3.5
8187,3.5
8188,3.5
8189,3.5
8190,3.5
8191,3.5
8192,3.5
8193,3.5
8194,3.5
8195,3.5
8196,3.5
8197,3.5
8198,3.5
8199,3.5
8200,3.5
8201,3.5
8202,3.5
8203,3.5
8204,3.5
8205,3.5
8206,3.5
8207,3.5
8208,3.5
8209,3.5
8210,3.5
8211,3.5
8212,3.5
8213,3.5
8214,3.5
8215,3.5
8216,3.5
8217,3.5
8218,3.5
8219,3.5
8220,3.5
8221,3.5
8222,3.5
8223,3.5
8224,3.5
8225,3.5
8226,3.5
8227,3.5
8228,3.5
8229,3.5
8230,3.5
8231,3.5
8232,3.5
8233,3.5
8234,3.5
8235,3.5
8236,3.5
8237,3.5
8238,3.5
8239,3.5
8240,3.5
8241,3.5
8242,3.5
8243,3.5
8244,3.5
8245,3.5
8246,3.5
8247,3.5
8248,3.5
8249,3.5
8250,3.5
8251,3.5
8252,3.5
8253,3.5
8254,3.5
8255,3.5
8256,3.5
8257,3.5
8258,3.5
8259,3.5
8260,3.5
8261,3.5
8262,3.5
8263,3.5
8264,3.5
8265,3.5
8266,3.5
8267,3.5
8268,3.5
8269,3.5
8270,3.5
8271,3.5
8272,3.5
8273,3.5
8274,3.5
8275,3.5
8276,3.5
8277,3.5
8278,3.5
8279,3.5
8280,3.5
8281,3.5
8282,3.5
8283,3.5
8284,3.5
8285,3.5
8286,3.5
8287,3.5
8288,3.5
8289,3.5
8290,3.5
8291,3.5
8292,3.5
8293,3.5
8294,3.5
8295,3.5
8296,3.5
8297,3.5
8298,3.5
8299,3.5
8300,3.5
8301,3.5
8302,3.5
8303,3.5
8304,3.5
8305,3.5
8306,3.5
8307,3.5
8308,3.5
8309,3.5
8310,3.5
8311,3.5
8312,3.5
8313,3.5
8314,3.5
8315,3.5
8316,3.5
8317,3.5
8318,3.5
8319,3.5
8320,3.5
8321,3.5
8322,3.5
8323,3.5
8324,3.5
8325,3.5
8326,3.5
8327,3.5
8328,3.5
8329,3.5
8330,3.5
8331,3.5
8332,3.5
8333,3.5
8334,3.5
8335,3.5
8336,3.5
8337,3.5
8338,3.5
8339,3.5
8340,3.5
8341,3.5
8342,3.5
8343,3.5
8344,3.5
8345,3.5
8346,3.5
8347,3.5
8348,3.5
8349,3.5
8350,3.5
8351,3.5
8352,3.5
8353,3.5
8354,3.5
8355,3.5
8356,3.5
8357,3.5
8358,3.5
8359,3.5
8360,3.5
8361,3.5
8362,3.5
8363,3.5
8364,3.5
8365,3.5
8366,3.5
8367,3.5
8368,3.5
8369,3.5
8370,3.5
8371,3.5
8372,3.5
8373,3.5
8374,3.5
8375,3.5
8376,3.5
8377,3.5
8378,3.5
8379,3.5
8380,3.5
8381,3.5
8382,3.5
8383,3.5
8384,3.5
8385,3.5
8386,3.5
8387,3.5
8388,3.5
8389,3.5
8390,3.5
8391,3.5
8392,3.5
8393,3.5
8394,3.5
8395,3.5
8396,3.5
8397,3.5
8398,3.5
8399,3.5
8400,3.5
8401,3.5
8402,3.5
8403,3.5
8404,3.5
8405,3.5
8406,3.5
8407,3.5
8408,3.5
8409,3.5
8410,3.5
8411,3.5
8412,3.5
8413,3.5
8414,3.5
8415,3.5
8416,3.5
8417,3.5
8418,3.5
8419,3.5
8420,3.5
8421,3.5
8422,3.5
8423,3.5
8424,3.5
8425,3.5
8426,3.5
8427,3.5
8428,3.5
8429,3.5
8430,3.5
8431,3.5
8432,3.5
8433,3.5
8434,3.5
8435,3.5
8436,3.5
8437,3.5
8438,3.5
8439,3.5
8440,3.5
8441,3.5
8442,3.5
8443,3.5
8444,3.5
8445,3.5
8446,3.5
8447,3.5
8448,3.5
8449,3.5
8450,3.5
8451,3.5
8452,3.5
8453,3.5
8454,3.5
8455,3.5
8456,3.5
8457,3.5
8458,3.5
8459,3.5
8460,3.5
8461,3.5
8462,3.5
8463,3.5
8464,3.5
8465,3.5
8466,3.5
8467,3.5
8468,3.5
8469,3.5
8470,3.5
8471,3.5
8472,3.5
8473,3.5
8474,3.5
8475,3.5
8476,3.5
8477,3.5
8478,3.5
8479,3.5
8480,3.5
8481,3.5
8482,3.5
8483,3.5
8484,3.5
8485,3.5
8486,3.5
8487,3.5
8488,3.5
8489,3.5
8490,3.5
8491,3.5
8492,3.5
8493,3.5
8494,3.5
8495,3.5
8496,3.5
8497,3.5
8498,3.5
8499,3.5
8500,3.5
8501,3.5
8502,3.5
8503,3.5
8504,3.5
8505,3.5
8506,3.5
8507,3.5
8508,3.5
8509,3.5
8510,3.5
8511,3.5
8512,3.5
8513,3.5
8514,3.5
8515,3.5
8516,3.5
8517,3.5
8518,3.5
8519,3.5
